config_id,engineered,ratio,variant,threshold,OOF F1,OOF precision,OOF recall
0,False,,0,0.2,0.5373246024321796,0.3760146635244829,0.9410222804718218
0,False,,0,0.21,0.5509143407122233,0.3900245298446443,0.937745740498034
0,False,,0,0.22,0.5595425867507886,0.40016920473773265,0.9298820445609436
0,False,,0,0.23,0.569643217093328,0.41135371179039304,0.9259501965923984
0,False,,0,0.24,0.5804585829374096,0.4238310708898944,0.9207077326343381
0,False,,0,0.25,0.5908706677937448,0.4360573923892701,0.9161205766710354
0,False,,0,0.26,0.5983606557377049,0.4459807073954984,0.9089121887287025
0,False,,0,0.27,0.6051530499889892,0.4557213930348259,0.9003931847968545
0,False,,0,0.28,0.6127219599910092,0.46630174478275743,0.8931847968545217
0,False,,0,0.29,0.6182979694273328,0.4742737136856843,0.8879423328964613
0,False,,0,0.3,0.6272959776796094,0.4861261261261261,0.8840104849279161
0,False,,0,0.31,0.6330188679245283,0.49447310243183495,0.8794233289646134
0,False,,0,0.32,0.6398081534772182,0.5045385779122542,0.8741808650065531
0,False,,0,0.33,0.6465726786582402,0.5139103554868625,0.8715596330275229
0,False,,0,0.34,0.6494337764647957,0.5201104100946372,0.86435124508519
0,False,,0,0.35,0.6518813854971343,0.525934861278649,0.8571428571428571
0,False,,0,0.36,0.6540880503144654,0.5308289097590854,0.8519003931847968
0,False,,0,0.37,0.6580152671755726,0.5378535773710482,0.8473132372214941
0,False,,0,0.38,0.6601592602106344,0.5428812843261512,0.8420707732634338
0,False,,0,0.39,0.6637214137214137,0.5499569336778639,0.8368283093053736
0,False,,0,0.4,0.6677157094151587,0.5566243987756887,0.8342070773263434
0,False,,0,0.41,0.6691390728476821,0.5615829257447754,0.827653997378768
0,False,,0,0.42,0.6709435979684576,0.5665914221218962,0.8224115334207077
0,False,,0,0.43,0.674054054054054,0.5735970561177552,0.8171690694626474
0,False,,0,0.44,0.6750478272752118,0.5789967182372245,0.809305373525557
0,False,,0,0.45,0.6773392216395252,0.5851216022889842,0.8040629095674967
0,False,,0,0.46,0.6759388038942976,0.5872402126631223,0.7961992136304062
0,False,,0,0.47,0.6766113143822122,0.5929945732609768,0.7876802096985583
0,False,,0,0.48,0.6791595684270301,0.5991983967935872,0.783748361730013
0,False,,0,0.49,0.6799078871617732,0.6062628336755647,0.7739187418086501
0,False,,0,0.5,0.6800699300699301,0.612277019937041,0.7647444298820446
0,False,,0,0.51,0.6823806717737183,0.619914346895075,0.7588466579292268
0,False,,0,0.52,0.681587585795285,0.6257534246575343,0.7483617300131061
0,False,,0,0.53,0.6847662141779789,0.6344326439351593,0.7437745740498034
0,False,,0,0.54,0.6837450442207991,0.6394751853964632,0.734600262123198
0,False,,0,0.55,0.6831530139103554,0.6465769455822118,0.7241153342070773
0,False,,0,0.56,0.6835048331774244,0.6519928613920285,0.7182175622542595
0,False,,0,0.57,0.677816345850426,0.6536822884966524,0.7038007863695938
0,False,,0,0.58,0.6741285577230572,0.6583385384134915,0.690694626474443
0,False,,0,0.59,0.6707872478854913,0.6660206718346253,0.6756225425950196
0,False,,0,0.6,0.6684280052840158,0.6737683089214381,0.6631716906946264
0,False,,0,0.61,0.6691176470588235,0.6828103683492497,0.6559633027522935
0,False,,0,0.62,0.6671200272016321,0.6932862190812721,0.6428571428571429
0,False,,0,0.63,0.660671048080249,0.6996336996336996,0.6258191349934469
0,False,,0,0.64,0.6537649542575651,0.7059270516717325,0.608781127129751
0,False,,0,0.65,0.642806012884753,0.7082018927444795,0.5884665792922673
0,False,,0,0.66,0.6343065693430657,0.7158154859967051,0.5694626474442989
0,False,,0,0.67,0.6312662458225028,0.7283633247643531,0.5570117955439057
0,False,,0,0.68,0.620532319391635,0.7391304347826086,0.5347313237221494
0,False,,0,0.69,0.6081916537867079,0.7410546139359698,0.5157273918741808
0,False,,0,0.7,0.5970031545741324,0.7495049504950495,0.49606815203145477
1,False,,1,0.2,0.4369846878680801,0.2818078237751614,0.9724770642201835
1,False,,1,0.21,0.4496879281473588,0.2928812214951418,0.9678899082568807
1,False,,1,0.22,0.4637223974763407,0.3053593685085168,0.963302752293578
1,False,,1,0.23,0.47949011276352344,0.3193990855649902,0.9613368283093053
1,False,,1,0.24,0.49215719345589476,0.33136497842380197,0.9560943643512451
1,False,,1,0.25,0.5044417348893921,0.3435349940688019,0.9488859764089121
1,False,,1,0.26,0.5167412712623097,0.35550628233555065,0.9456094364351245
1,False,,1,0.27,0.5306725794530672,0.3695316520844056,0.9410222804718218
1,False,,1,0.28,0.5423857386686896,0.38163864424873234,0.9370904325032765
1,False,,1,0.29,0.5544747081712063,0.3942999446596569,0.9338138925294889
1,False,,1,0.3,0.5671940717003805,0.4084222670897029,0.927916120576671
1,False,,1,0.31,0.5769388592531801,0.4199522102747909,0.9213630406290957
1,False,,1,0.32,0.5879396984924623,0.432,0.9200524246395806
1,False,,1,0.33,0.597524541186513,0.4430379746835443,0.9174311926605505
1,False,,1,0.34,0.605994787141616,0.45321637426900585,0.9141546526867628
1,False,,1,0.35,0.6119105601062652,0.46205282514209295,0.9056356487549148
1,False,,1,0.36,0.6172227231740307,0.470446735395189,0.8971166448230669
1,False,,1,0.37,0.6249139710942877,0.48076244264031065,0.8925294888597641
1,False,,1,0.38,0.6293706293706294,0.48842257597684513,0.8846657929226737
1,False,,1,0.39,0.6328217237308147,0.49464747139165743,0.8781127129750983
1,False,,1,0.4,0.6374311047208243,0.5024556101246694,0.8715596330275229
1,False,,1,0.41,0.6436893203883495,0.5111796453353894,0.8689384010484927
1,False,,1,0.42,0.6478527607361964,0.5178501373087485,0.8650065530799476
1,False,,1,0.43,0.6510934393638171,0.5244195356285029,0.8584534731323722
1,False,,1,0.44,0.6534105210168638,0.5304454434000817,0.8505897771952818
1,False,,1,0.45,0.655295315682281,0.5358034970857619,0.8433813892529489
1,False,,1,0.46,0.6589207332816938,0.5436727737537281,0.836173001310616
1,False,,1,0.47,0.6585048189632717,0.5464764375270211,0.8283093053735255
1,False,,1,0.48,0.6612309310889006,0.5522847100175747,0.8237221494102228
1,False,,1,0.49,0.6656017039403621,0.5605381165919282,0.8191349934469201
1,False,,1,0.5,0.6670255720053836,0.5660118775696665,0.8119266055045872
1,False,,1,0.51,0.66721044045677,0.5701672862453532,0.8040629095674967
1,False,,1,0.52,0.6684931506849315,0.5743879472693032,0.799475753604194
1,False,,1,0.53,0.6709211986681465,0.5818094321462945,0.7922673656618611
1,False,,1,0.54,0.67152466367713,0.5866797257590598,0.7850589777195282
1,False,,1,0.55,0.6715867158671587,0.5923885828743115,0.7752293577981652
1,False,,1,0.56,0.6722110696874104,0.5976542580316165,0.7680209698558322
1,False,,1,0.57,0.6724738675958188,0.6037539103232534,0.7588466579292268
1,False,,1,0.58,0.6705916985575507,0.6087653661143774,0.7463958060288336
1,False,,1,0.59,0.6718562874251497,0.6185226019845645,0.7352555701179554
1,False,,1,0.6,0.6727272727272727,0.6257046223224352,0.727391874180865
1,False,,1,0.61,0.6709519436792164,0.6295232624928202,0.7182175622542595
1,False,,1,0.62,0.670602858918583,0.6377068557919622,0.7070773263433814
1,False,,1,0.63,0.6666666666666666,0.6425531914893617,0.6926605504587156
1,False,,1,0.64,0.6649632705206004,0.6485981308411215,0.682175622542595
1,False,,1,0.65,0.6614634146341464,0.6565526145900581,0.6664482306684142
1,False,,1,0.66,0.6584961907916529,0.6657736101808439,0.6513761467889908
1,False,,1,0.67,0.6530338585316795,0.668496911461908,0.6382699868938401
1,False,,1,0.68,0.646554679465204,0.6779295470884256,0.6179554390563565
1,False,,1,0.69,0.6405594405594406,0.6866566716641679,0.6002621231979031
1,False,,1,0.7,0.6299212598425197,0.694006309148265,0.5766710353866317
2,True,,0,0.2,0.5549246132758958,0.3956995252722703,0.9285714285714286
2,True,,0,0.21,0.5693519079345851,0.4114385760140064,0.9239842726081258
2,True,,0,0.22,0.582641196013289,0.42644376899696046,0.919397116644823
2,True,,0,0.23,0.5957356076759062,0.4415297092288243,0.9154652686762779
2,True,,0,0.24,0.6052688874374047,0.4532116074339746,0.9108781127129751
2,True,,0,0.25,0.6142571618920719,0.4645616392341283,0.9062909567496723
2,True,,0,0.26,0.6201129943502824,0.47326664367023114,0.8990825688073395
2,True,,0,0.27,0.6290062255014988,0.48523657061543934,0.8938401048492791
2,True,,0,0.28,0.6348314606741573,0.493809176984705,0.8885976408912188
2,True,,0,0.29,0.6404174573055028,0.5018587360594795,0.8846657929226737
2,True,,0,0.3,0.6464354527938343,0.511043412033511,0.8794233289646134
2,True,,0,0.31,0.6487935656836461,0.5164920450135817,0.8722149410222805
2,True,,0,0.32,0.652970297029703,0.5246618933969769,0.86435124508519
2,True,,0,0.33,0.6554832248372559,0.5303889789303079,0.8577981651376146
2,True,,0,0.34,0.6572008113590264,0.5359801488833746,0.8492791612057667
2,True,,0,0.35,0.6612035851472471,0.542664985287936,0.846002621231979
2,True,,0,0.36,0.6632151177841056,0.5481386392811296,0.8394495412844036
2,True,,0,0.37,0.6640563821456539,0.5518438177874186,0.8335517693315858
2,True,,0,0.38,0.6649090429738993,0.5562417291574768,0.8263433813892529
2,True,,0,0.39,0.6664885088188135,0.5627256317689531,0.8171690694626474
2,True,,0,0.4,0.6693701000270343,0.5697192820984813,0.8112712975098296
2,True,,0,0.41,0.6726775956284153,0.5768509840674789,0.8066841415465269
2,True,,0,0.42,0.6751381215469613,0.5835721107927412,0.8007863695937091
2,True,,0,0.43,0.6774373259052925,0.5891472868217055,0.7968545216251638
2,True,,0,0.44,0.679606188466948,0.5953671759487432,0.7916120576671035
2,True,,0,0.45,0.6825938566552902,0.6030150753768844,0.7863695937090432
2,True,,0,0.46,0.6814133869577708,0.6066496163682864,0.7771952817824378
2,True,,0,0.47,0.6831395348837209,0.6138975966562173,0.7699868938401049
2,True,,0,0.48,0.6848912404467961,0.6210021321961621,0.7634338138925295
2,True,,0,0.49,0.6816009557945042,0.6262349066959385,0.7477064220183486
2,True,,0,0.5,0.680374962201391,0.6316676024705222,0.737221494102228
2,True,,0,0.51,0.6779452476161181,0.638840579710145,0.7221494102228048
2,True,,0,0.52,0.675574891236793,0.642434988179669,0.7123197903014417
2,True,,0,0.53,0.6769327467001885,0.6503623188405797,0.7057667103538663
2,True,,0,0.54,0.6762543943751997,0.6600124766063631,0.6933158584534731
2,True,,0,0.55,0.6752994496600842,0.6673064619321817,0.6834862385321101
2,True,,0,0.56,0.6745329400196657,0.6747540983606557,0.6743119266055045
2,True,,0,0.57,0.6697736351531292,0.6806495263870095,0.6592398427260813
2,True,,0,0.58,0.6675666554168073,0.6882393876130828,0.6480996068152032
2,True,,0,0.59,0.6605001712915382,0.6920315865039484,0.6317169069462647
2,True,,0,0.6,0.6592412112774104,0.7030438010393467,0.6205766710353866
2,True,,0,0.61,0.654892264217591,0.7103448275862069,0.6074705111402359
2,True,,0,0.62,0.6462976276060388,0.7157643312101911,0.5891218872870249
2,True,,0,0.63,0.6419662509170947,0.7291666666666666,0.573394495412844
2,True,,0,0.64,0.6322097378277154,0.7377622377622378,0.5530799475753604
2,True,,0,0.65,0.6244757910789173,0.7465815861440291,0.536697247706422
2,True,,0,0.66,0.6167056986729118,0.7625482625482626,0.5176933158584535
2,True,,0,0.67,0.6049284578696343,0.7686868686868686,0.4986893840104849
2,True,,0,0.68,0.5906693711967546,0.7752928647497338,0.47706422018348627
2,True,,0,0.69,0.5759205626810096,0.7811447811447811,0.45609436435124506
2,True,,0,0.7,0.5666104553119731,0.7943262411347518,0.44036697247706424
3,True,,1,0.2,0.45237366003062784,0.2951638689048761,0.9678899082568807
3,True,,1,0.21,0.46380484714082054,0.3058282849383748,0.9593709043250328
3,True,,1,0.22,0.47808241668034807,0.31894852135815993,0.9541284403669725
3,True,,1,0.23,0.4926796050391556,0.3327966881324747,0.9482306684141546
3,True,,1,0.24,0.5071215051872692,0.34655130978130255,0.944954128440367
3,True,,1,0.25,0.5200072424407025,0.3592694520890668,0.9410222804718218
3,True,,1,0.26,0.5330100708690787,0.37252346193952035,0.936435124508519
3,True,,1,0.27,0.5458389390736114,0.3861843894479195,0.9305373525557011
3,True,,1,0.28,0.5613618368962787,0.4021554169030062,0.9292267365661862
3,True,,1,0.29,0.5701010101010101,0.4120911214953271,0.9246395806028833
3,True,,1,0.3,0.5783828382838284,0.42203491872366045,0.9187418086500655
3,True,,1,0.31,0.5903027736608089,0.4360337816703159,0.9134993446920052
3,True,,1,0.32,0.5959095801937567,0.44373196537351717,0.9069462647444299
3,True,,1,0.33,0.6033838716765546,0.4538842975206612,0.8997378768020969
3,True,,1,0.34,0.6137946528869916,0.467008547008547,0.8951507208387942
3,True,,1,0.35,0.6213991769547325,0.47717696629213485,0.8905635648754915
3,True,,1,0.36,0.6274055182007883,0.48546824542518835,0.8866317169069463
3,True,,1,0.37,0.6308125880695162,0.49158125915080525,0.8800786369593709
3,True,,1,0.38,0.6367755783448604,0.500562429696288,0.8748361730013107
3,True,,1,0.39,0.642632470360513,0.5093977752205601,0.8702490170380078
3,True,,1,0.4,0.6452719255267026,0.5152582159624414,0.8630406290956749
3,True,,1,0.41,0.6499752107089737,0.5227272727272727,0.8591087811271297
3,True,,1,0.42,0.6537979443469542,0.5294356475842469,0.854521625163827
3,True,,1,0.43,0.6565349544072948,0.5350949628406276,0.8492791612057667
3,True,,1,0.44,0.656945510360706,0.5388166177087704,0.8414154652686763
3,True,,1,0.45,0.6597617814603832,0.5453767123287672,0.8348623853211009
3,True,,1,0.46,0.6603921568627451,0.5493692909960852,0.827653997378768
3,True,,1,0.47,0.6631439894319683,0.5555555555555556,0.8224115334207077
3,True,,1,0.48,0.665954606141522,0.5619648490310951,0.8171690694626474
3,True,,1,0.49,0.6682887266828873,0.5687988955361252,0.8099606815203145
3,True,,1,0.5,0.6701312910284464,0.5751173708920188,0.8027522935779816
3,True,,1,0.51,0.6712745369090406,0.5805834528933524,0.7955439056356488
3,True,,1,0.52,0.6728187919463087,0.5868292682926829,0.7883355176933159
3,True,,1,0.53,0.6713921179472639,0.591704147926037,0.7758846657929227
3,True,,1,0.54,0.6708679461472358,0.5959287531806616,0.7673656618610747
3,True,,1,0.55,0.671685002895194,0.6016597510373444,0.7601572739187418
3,True,,1,0.56,0.6690058479532164,0.604012671594509,0.7496723460026212
3,True,,1,0.57,0.6660724896019014,0.6092391304347826,0.734600262123198
3,True,,1,0.58,0.6660638939119952,0.6166294642857143,0.7241153342070773
3,True,,1,0.59,0.6613594611145132,0.6206896551724138,0.7077326343381389
3,True,,1,0.6,0.6604186191815058,0.631044776119403,0.6926605504587156
3,True,,1,0.61,0.6592780240658644,0.6378676470588235,0.682175622542595
3,True,,1,0.62,0.65553772070626,0.6425424795468848,0.6690694626474443
3,True,,1,0.63,0.6521030322791,0.6489292667099286,0.6553079947575361
3,True,,1,0.64,0.6496180670873464,0.6585858585858586,0.6408912188728703
3,True,,1,0.65,0.6447680325093126,0.6671338472319551,0.6238532110091743
3,True,,1,0.66,0.6412633024373499,0.6733958183129055,0.6120576671035387
3,True,,1,0.67,0.6353106353106354,0.6840513983371126,0.5930537352555701
3,True,,1,0.68,0.6257668711656442,0.6963855421686747,0.5681520314547838
3,True,,1,0.69,0.6178861788617886,0.7084745762711865,0.5478374836173001
3,True,,1,0.7,0.6106294760648323,0.7187222715173026,0.5307994757536042
4,True,0.5,0,0.2,0.5852103697407565,0.4330188679245283,0.9023591087811271
4,True,0.5,0,0.21,0.5966514459665144,0.44646924829157175,0.8990825688073395
4,True,0.5,0,0.22,0.6050644158151932,0.4576612903225806,0.8925294888597641
4,True,0.5,0,0.23,0.613049388309923,0.46849030470914127,0.8866317169069463
4,True,0.5,0,0.24,0.6208651399491094,0.4797997854844476,0.8794233289646134
4,True,0.5,0,0.25,0.6292981629769194,0.49117647058823527,0.8754914809960681
4,True,0.5,0,0.26,0.6320574162679425,0.4977392614920874,0.8656618610747051
4,True,0.5,0,0.27,0.6359223300970874,0.505011565150347,0.8584534731323722
4,True,0.5,0,0.28,0.6411837237977805,0.5140371688414394,0.8519003931847968
4,True,0.5,0,0.29,0.6467486818980668,0.5242165242165242,0.8440366972477065
4,True,0.5,0,0.3,0.6539245667686034,0.5350291909924938,0.8407601572739187
4,True,0.5,0,0.31,0.6580645161290323,0.5427841634738186,0.8355176933158585
4,True,0.5,0,0.32,0.6614255765199162,0.5510917030567686,0.8269986893840104
4,True,0.5,0,0.33,0.6650730411686587,0.5591782045556052,0.8204456094364351
4,True,0.5,0,0.34,0.6689970422156494,0.5672594619243047,0.8152031454783748
4,True,0.5,0,0.35,0.6704730831973899,0.5729553903345725,0.8079947575360419
4,True,0.5,0,0.36,0.6725274725274726,0.5789971617786187,0.8020969855832241
4,True,0.5,0,0.37,0.6753679533462927,0.5860240963855422,0.7968545216251638
4,True,0.5,0,0.38,0.6781188397634469,0.5945679012345679,0.7889908256880734
4,True,0.5,0,0.39,0.6809483004855755,0.6035443037974684,0.781127129750983
4,True,0.5,0,0.4,0.6820675714698239,0.6097057305110997,0.7739187418086501
4,True,0.5,0,0.41,0.6842105263157895,0.617740232312566,0.7667103538663171
4,True,0.5,0,0.42,0.6851906591782442,0.6241249326871298,0.7595019659239842
4,True,0.5,0,0.43,0.6878180185573182,0.6330578512396694,0.752948885976409
4,True,0.5,0,0.44,0.6858006042296072,0.6362107623318386,0.7437745740498034
4,True,0.5,0,0.45,0.6821800367421923,0.6402298850574712,0.7300131061598951
4,True,0.5,0,0.46,0.6822139303482587,0.649112426035503,0.718872870249017
4,True,0.5,0,0.47,0.6813186813186813,0.6540084388185654,0.7110091743119266
4,True,0.5,0,0.48,0.6776859504132231,0.6580246913580247,0.6985583224115334
4,True,0.5,0,0.49,0.6718296224588577,0.6617927527018436,0.682175622542595
4,True,0.5,0,0.5,0.6703655352480418,0.6677503250975293,0.6730013106159896
4,True,0.5,0,0.51,0.6668887408394404,0.6781842818428184,0.6559633027522935
4,True,0.5,0,0.52,0.6657663740715732,0.6866295264623955,0.6461336828309305
4,True,0.5,0,0.53,0.6623243057936236,0.6944644140905823,0.6330275229357798
4,True,0.5,0,0.54,0.6533892382948987,0.6998502994011976,0.6127129750982963
4,True,0.5,0,0.55,0.6460773872914448,0.7048799380325329,0.5963302752293578
4,True,0.5,0,0.56,0.6428828828828829,0.7141713370696557,0.5845347313237221
4,True,0.5,0,0.57,0.637956204379562,0.7199341021416804,0.5727391874180865
4,True,0.5,0,0.58,0.6325167037861915,0.7294520547945206,0.5583224115334207
4,True,0.5,0,0.59,0.6263694748772195,0.7395182872435325,0.5432503276539974
4,True,0.5,0,0.6,0.6151480199923106,0.7441860465116279,0.5242463958060288
4,True,0.5,0,0.61,0.59921875,0.741779497098646,0.5026212319790302
4,True,0.5,0,0.62,0.5848605577689243,0.7459349593495935,0.48099606815203144
4,True,0.5,0,0.63,0.5679414157851912,0.7489270386266095,0.45740498034076016
4,True,0.5,0,0.64,0.5514096185737977,0.7505643340857788,0.43577981651376146
4,True,0.5,0,0.65,0.5418427726120034,0.763095238095238,0.4200524246395806
4,True,0.5,0,0.66,0.5249569707401033,0.7644110275689223,0.399737876802097
4,True,0.5,0,0.67,0.5068072024593764,0.7683089214380826,0.3781127129750983
4,True,0.5,0,0.68,0.4849573417153121,0.7703281027104137,0.35386631716906947
4,True,0.5,0,0.69,0.4680073126142596,0.7734138972809668,0.33551769331585846
4,True,0.5,0,0.7,0.4375876577840112,0.763458401305057,0.30668414154652685
5,True,0.5,1,0.2,0.5643304382952938,0.4078832116788321,0.9154652686762779
5,True,0.5,1,0.21,0.577962577962578,0.4232643118148599,0.9108781127129751
5,True,0.5,1,0.22,0.5887870390108719,0.4363349131121643,0.9049803407601573
5,True,0.5,1,0.23,0.5961538461538461,0.44721311475409836,0.8938401048492791
5,True,0.5,1,0.24,0.6048278945015646,0.458955223880597,0.8866317169069463
5,True,0.5,1,0.25,0.6138387759762503,0.47108307045215564,0.8807339449541285
5,True,0.5,1,0.26,0.6201117318435754,0.4808664259927798,0.872870249017038
5,True,0.5,1,0.27,0.6270423869287236,0.4909158324063775,0.8676277850589778
5,True,0.5,1,0.28,0.6319577735124761,0.4984859954579864,0.8630406290956749
5,True,0.5,1,0.29,0.6371164150024354,0.5069767441860465,0.8571428571428571
5,True,0.5,1,0.3,0.6437916563811404,0.5164356435643565,0.854521625163827
5,True,0.5,1,0.31,0.6522504400301735,0.529171766625867,0.8499344692005243
5,True,0.5,1,0.32,0.6559633027522935,0.536697247706422,0.8433813892529489
5,True,0.5,1,0.33,0.6602846054333764,0.5455322787516033,0.836173001310616
5,True,0.5,1,0.34,0.6642201834862386,0.5535168195718655,0.8302752293577982
5,True,0.5,1,0.35,0.6656025538707103,0.5602328705776982,0.8197903014416776
5,True,0.5,1,0.36,0.6699002964160604,0.5688787185354691,0.8145478374836173
5,True,0.5,1,0.37,0.6714051394204483,0.575984990619137,0.8047182175622543
5,True,0.5,1,0.38,0.6727574750830565,0.5824544582933845,0.7961992136304062
5,True,0.5,1,0.39,0.6741258741258741,0.5880917520741825,0.7896461336828309
5,True,0.5,1,0.4,0.6768968456947997,0.5975915704967386,0.7804718217562254
5,True,0.5,1,0.41,0.6762424590634875,0.6020460358056265,0.77129750982962
5,True,0.5,1,0.42,0.6767529822519639,0.60858189429618,0.7621231979030144
5,True,0.5,1,0.43,0.6774478094678036,0.6144,0.7549148099606815
5,True,0.5,1,0.44,0.6771982116244412,0.6211044286495353,0.744429882044561
5,True,0.5,1,0.45,0.6771368166717004,0.6280112044817927,0.734600262123198
5,True,0.5,1,0.46,0.6776960784313726,0.6363636363636364,0.7247706422018348
5,True,0.5,1,0.47,0.6766169154228856,0.6437869822485207,0.7129750982961992
5,True,0.5,1,0.48,0.6754716981132075,0.6493349455864571,0.7038007863695938
5,True,0.5,1,0.49,0.6756238003838771,0.66,0.6920052424639581
5,True,0.5,1,0.5,0.6714100905562742,0.6628352490421456,0.6802096985583224
5,True,0.5,1,0.51,0.6664475846204404,0.6684245220830587,0.6644823066841415
5,True,0.5,1,0.52,0.6691225720026792,0.6842465753424658,0.6546526867627785
5,True,0.5,1,0.53,0.6596180081855388,0.6877667140825036,0.6336828309305373
5,True,0.5,1,0.54,0.6579038395019025,0.6967032967032967,0.6231979030144168
5,True,0.5,1,0.55,0.649524480450863,0.7022086824067022,0.6041939711664482
5,True,0.5,1,0.56,0.6411449016100179,0.7060677698975572,0.5871559633027523
5,True,0.5,1,0.57,0.6328467153284671,0.714168039538715,0.5681520314547838
5,True,0.5,1,0.58,0.6221727845754542,0.7164816396242528,0.5498034076015728
5,True,0.5,1,0.59,0.6142265713210388,0.7214854111405835,0.5347313237221494
5,True,0.5,1,0.6,0.6085955487336915,0.7342592592592593,0.5196592398427261
5,True,0.5,1,0.61,0.5935787000783085,0.7373540856031129,0.4967234600262123
5,True,0.5,1,0.62,0.5750901081297557,0.7394438722966015,0.4705111402359109
5,True,0.5,1,0.63,0.5617334423548651,0.7467391304347826,0.45019659239842724
5,True,0.5,1,0.64,0.5411961522375575,0.7479768786127168,0.4239842726081258
5,True,0.5,1,0.65,0.5201371036846615,0.7512376237623762,0.3977719528178244
5,True,0.5,1,0.66,0.5037166593790993,0.7568988173455979,0.37745740498034075
5,True,0.5,1,0.67,0.482358195623046,0.7573632538569425,0.35386631716906947
5,True,0.5,1,0.68,0.4537121906507791,0.7545731707317073,0.32437745740498036
5,True,0.5,1,0.69,0.43916083916083914,0.7609046849757674,0.3086500655307995
5,True,0.5,1,0.7,0.4163887565507384,0.7626527050610821,0.28636959370904325
6,True,0.75,0,0.2,0.5613964686998395,0.40456911509543086,0.916775884665793
6,True,0.75,0,0.21,0.5715463917525773,0.41696750902527074,0.908256880733945
6,True,0.75,0,0.22,0.5819793205317577,0.42919389978213507,0.9036697247706422
6,True,0.75,0,0.23,0.5911733046286329,0.4402051939724271,0.8997378768020969
6,True,0.75,0,0.24,0.6020654801142606,0.45289256198347105,0.8977719528178244
6,True,0.75,0,0.25,0.6080536912751678,0.461616847826087,0.8905635648754915
6,True,0.75,0,0.26,0.6145454545454545,0.4704244954766875,0.8859764089121888
6,True,0.75,0,0.27,0.6183329485107365,0.47736185383244206,0.8774574049803407
6,True,0.75,0,0.28,0.6235349273323957,0.4854014598540146,0.8715596330275229
6,True,0.75,0,0.29,0.6277856804172594,0.4918276374442793,0.8676277850589778
6,True,0.75,0,0.3,0.6339350180505415,0.500950931913275,0.8630406290956749
6,True,0.75,0,0.31,0.638495359062042,0.5089563862928349,0.8564875491480997
6,True,0.75,0,0.32,0.6444279713367926,0.5172550575168584,0.854521625163827
6,True,0.75,0,0.33,0.6492724535875565,0.5260162601626016,0.8479685452162516
6,True,0.75,0,0.34,0.6563057324840764,0.5368903709879116,0.8440366972477065
6,True,0.75,0,0.35,0.6589267285861713,0.5434042553191489,0.8368283093053736
6,True,0.75,0,0.36,0.6628302380329584,0.5515890291684806,0.8302752293577982
6,True,0.75,0,0.37,0.6647230320699709,0.5580774365821095,0.8217562254259502
6,True,0.75,0,0.38,0.6666666666666666,0.5648611743286299,0.8132372214941023
6,True,0.75,0,0.39,0.6702849389416553,0.572024085224641,0.809305373525557
6,True,0.75,0,0.4,0.6692223439211391,0.5747883349012229,0.8007863695937091
6,True,0.75,0,0.41,0.6714681440443213,0.581573896353167,0.7942332896461337
6,True,0.75,0,0.42,0.6713483146067416,0.5875122910521141,0.7830930537352556
6,True,0.75,0,0.43,0.6734867860187553,0.5945810336176618,0.7765399737876802
6,True,0.75,0,0.44,0.6776050662061025,0.6042094455852156,0.77129750982962
6,True,0.75,0,0.45,0.6796511627906977,0.6107628004179728,0.7660550458715596
6,True,0.75,0,0.46,0.6800353877912121,0.618230563002681,0.755570117955439
6,True,0.75,0,0.47,0.6809651474530831,0.6242490442381212,0.7490170380078637
6,True,0.75,0,0.48,0.6793134598012647,0.6284122562674095,0.7391874180865007
6,True,0.75,0,0.49,0.6778319123020706,0.6331058020477816,0.7293577981651376
6,True,0.75,0,0.5,0.678395061728395,0.6411901983663943,0.7201834862385321
6,True,0.75,0,0.51,0.679375,0.6493428912783752,0.7123197903014417
6,True,0.75,0,0.52,0.6769716088328076,0.652676399026764,0.7031454783748362
6,True,0.75,0,0.53,0.6766486142083467,0.6584004959702418,0.6959370904325033
6,True,0.75,0,0.54,0.6731078904991948,0.661811272957568,0.6847968545216252
6,True,0.75,0,0.55,0.6718903036238981,0.6694860117111255,0.6743119266055045
6,True,0.75,0,0.56,0.668433256045048,0.6758204956463496,0.6612057667103539
6,True,0.75,0,0.57,0.6644295302013423,0.6808803301237965,0.6487549148099607
6,True,0.75,0,0.58,0.659843056977141,0.6882562277580071,0.6336828309305373
6,True,0.75,0,0.59,0.6546338077056577,0.6959409594095941,0.6179554390563565
6,True,0.75,0,0.6,0.647121158601201,0.7019157088122605,0.6002621231979031
6,True,0.75,0,0.61,0.637410071942446,0.7065390749601276,0.580602883355177
6,True,0.75,0,0.62,0.6279239766081871,0.7099173553719008,0.5629095674967235
6,True,0.75,0,0.63,0.6184112843355605,0.7131849315068494,0.5458715596330275
6,True,0.75,0,0.64,0.6035727860129229,0.718552036199095,0.5203145478374837
6,True,0.75,0,0.65,0.5915927497107597,0.7188378631677601,0.5026212319790302
6,True,0.75,0,0.66,0.5839874411302983,0.7279843444227005,0.4875491480996068
6,True,0.75,0,0.67,0.5776892430278885,0.7367886178861789,0.4750982961992136
6,True,0.75,0,0.68,0.5620437956204379,0.7372340425531915,0.4541284403669725
6,True,0.75,0,0.69,0.547107438016529,0.7404921700223713,0.4338138925294889
6,True,0.75,0,0.7,0.5329391891891891,0.7494061757719715,0.4134993446920052
7,True,0.75,1,0.2,0.5236083042439831,0.3637988256318611,0.9338138925294889
7,True,0.75,1,0.21,0.5378917378917379,0.37871088526343943,0.927916120576671
7,True,0.75,1,0.22,0.5508888454776324,0.392429724464236,0.9239842726081258
7,True,0.75,1,0.23,0.5619238476953908,0.40473441108545033,0.9187418086500655
7,True,0.75,1,0.24,0.5727235269880511,0.4176682692307692,0.9108781127129751
7,True,0.75,1,0.25,0.5826306913996627,0.42945929148539463,0.9056356487549148
7,True,0.75,1,0.26,0.5900300816501933,0.4389386189258312,0.8997378768020969
7,True,0.75,1,0.27,0.5991247264770241,0.4497371879106439,0.8971166448230669
7,True,0.75,1,0.28,0.6054800623746937,0.4586567667904151,0.8905635648754915
7,True,0.75,1,0.29,0.6116526864656541,0.46759098786828424,0.8840104849279161
7,True,0.75,1,0.3,0.6182658959537572,0.47767059664165773,0.8761467889908257
7,True,0.75,1,0.31,0.6249706089818952,0.48734873487348734,0.8709043250327654
7,True,0.75,1,0.32,0.6303464755077658,0.4960511470477623,0.86435124508519
7,True,0.75,1,0.33,0.632954270505686,0.5017261219792866,0.8571428571428571
7,True,0.75,1,0.34,0.6377875673029858,0.508984375,0.8538663171690695
7,True,0.75,1,0.35,0.644808743169399,0.5192,0.8505897771952818
7,True,0.75,1,0.36,0.6511862695608278,0.5295566502463054,0.8453473132372215
7,True,0.75,1,0.37,0.6531658549089977,0.5364210526315789,0.8348623853211009
7,True,0.75,1,0.38,0.6564845974631116,0.5425759520753102,0.8309305373525557
7,True,0.75,1,0.39,0.6626474442988205,0.5522062035823504,0.8283093053735255
7,True,0.75,1,0.4,0.6679064824654622,0.561662198391421,0.8237221494102228
7,True,0.75,1,0.41,0.6706040268456376,0.5679854479308777,0.8184796854521625
7,True,0.75,1,0.42,0.6706456863809007,0.5722222222222222,0.8099606815203145
7,True,0.75,1,0.43,0.6729178157749587,0.580952380952381,0.799475753604194
7,True,0.75,1,0.44,0.6752447552447552,0.5890678379697414,0.790956749672346
7,True,0.75,1,0.45,0.6762956669498725,0.5955112219451372,0.7824377457404981
7,True,0.75,1,0.46,0.6773731000860338,0.6022437531871494,0.7739187418086501
7,True,0.75,1,0.47,0.6801971585966947,0.609984399375975,0.7686762778505898
7,True,0.75,1,0.48,0.6780058651026393,0.613588110403397,0.7575360419397117
7,True,0.75,1,0.49,0.6757800891530461,0.6182707993474714,0.7450851900393185
7,True,0.75,1,0.5,0.6763285024154589,0.6270996640537514,0.7339449541284404
7,True,0.75,1,0.51,0.677242220866382,0.6335616438356164,0.727391874180865
7,True,0.75,1,0.52,0.678395061728395,0.6411901983663943,0.7201834862385321
7,True,0.75,1,0.53,0.6783260462211118,0.6479713603818615,0.7116644823066841
7,True,0.75,1,0.54,0.6749206349206349,0.6545566502463054,0.6965923984272608
7,True,0.75,1,0.55,0.6716081211730583,0.6607482561826252,0.6828309305373526
7,True,0.75,1,0.56,0.6631682518858643,0.6638214051214708,0.6625163826998689
7,True,0.75,1,0.57,0.6580259222333001,0.667565745111261,0.6487549148099607
7,True,0.75,1,0.58,0.6560917988525143,0.6764091858037579,0.6369593709043251
7,True,0.75,1,0.59,0.6520247083047358,0.6844380403458213,0.6225425950196593
7,True,0.75,1,0.6,0.6445993031358885,0.6882440476190477,0.6061598951507209
7,True,0.75,1,0.61,0.635427760028399,0.6932610379550735,0.5865006553079948
7,True,0.75,1,0.62,0.6268548678972131,0.7000808407437349,0.5674967234600262
7,True,0.75,1,0.63,0.6182756079587325,0.7062289562289562,0.5498034076015728
7,True,0.75,1,0.64,0.6101313320825515,0.713784021071115,0.5327653997378768
7,True,0.75,1,0.65,0.6008387342737324,0.7183226982680037,0.5163826998689384
7,True,0.75,1,0.66,0.5873201089070401,0.722488038277512,0.4947575360419397
7,True,0.75,1,0.67,0.5766336633663366,0.7287287287287287,0.47706422018348627
7,True,0.75,1,0.68,0.5542949756888168,0.7261146496815286,0.44823066841415465
7,True,0.75,1,0.69,0.5368072787427626,0.7275784753363229,0.4252948885976409
7,True,0.75,1,0.7,0.5158831003811944,0.7293413173652694,0.39908256880733944
