row_index,actual,score,prediction
4722,0,0.007090678756505925,0
6835,0,0.018950957742168383,0
5524,1,0.9704032414763755,1
663,0,0.0024708222007358096,0
136,0,0.007938100920177747,0
1194,0,0.005095634146744377,0
11507,1,0.16526861658744937,0
11214,0,0.03689921805437175,0
7656,0,0.04390485369995925,0
7786,0,0.11358735474800705,0
8129,1,0.9599167948582663,1
3582,1,0.9047199569147378,1
5004,0,0.02190921898628449,0
6321,0,0.005211217956326328,0
5917,0,0.05450365540966808,0
583,0,0.013583816029893427,0
10682,0,0.644228484374507,1
9287,0,0.027916065473360424,0
9914,1,0.5775454652049163,1
7503,0,0.08976487348924198,0
6922,0,0.7070480394328594,1
1175,1,0.8551454093871913,1
11592,0,0.018071490816815777,0
10993,0,0.05311619629934286,0
10561,0,0.06315405615995945,0
9535,0,0.04172986291014309,0
7322,1,0.029053061752685377,0
2605,0,0.0024838392676835718,0
7334,0,0.07745363149217838,0
12125,0,0.010972983724229248,0
605,0,0.0029639922263350817,0
8663,1,0.8780195202348675,1
874,0,0.02511658070888552,0
2335,1,0.1599585271748322,0
9006,0,0.017699364042235002,0
5298,0,0.00289393828668947,0
918,0,0.12850000171436238,0
12027,0,0.3855177776244226,1
7745,0,0.003435533517703734,0
10196,0,0.06676144607594425,0
6662,0,0.044288657237649916,0
3050,0,0.006782105441823244,0
10072,1,0.701147687752071,1
11798,1,0.02079983704181722,0
10044,0,0.09176047089729886,0
8689,0,0.147063031778611,0
4450,0,0.19546750711753907,0
6783,1,0.8996230649591872,1
156,0,0.0012169310001069304,0
9486,0,0.757614304906148,1
1159,0,0.011782505769413499,0
568,0,0.0008034315737861942,0
2241,0,0.013914493108361613,0
4790,1,0.9806235461991223,1
839,0,0.00538829138457101,0
6265,0,0.03476448440323929,0
3527,0,0.004491759695769176,0
4433,0,0.3057269601073707,1
4468,0,0.017570036928053843,0
320,1,0.05302681771277828,0
3420,1,0.7558634415247514,1
9498,1,0.15531525957260056,0
12178,1,0.6947794057967306,1
9504,0,0.0029086609153733956,0
1978,0,0.002039224057489532,0
12031,0,0.03554539319365306,0
5543,0,0.22147886982041023,0
5358,0,0.009732117054539134,0
1000,0,0.02103562991076573,0
10590,0,0.07019358362642686,0
11891,0,0.044791700696925583,0
5453,0,0.1998585306739037,0
2832,0,0.0015305084772375636,0
11300,0,0.28747117891928703,1
11729,0,0.1290823741042867,0
2800,0,0.0012532214229298373,0
10994,0,0.05441350233332507,0
7642,0,0.001234533673197206,0
7693,0,0.0389369630862165,0
4934,0,0.005850105162539343,0
2757,0,0.33170821518693566,1
10762,1,0.6782602737197772,1
10916,0,0.42691530852146503,1
11472,0,0.09617877559193456,0
2038,0,0.0019723316801870806,0
11560,0,0.005810357752401911,0
9362,0,0.21604077316451048,0
10041,0,0.02979913461570969,0
8045,1,0.09457482929569573,0
3603,0,0.015797755975086262,0
11806,0,0.08709849230542126,0
10176,1,0.34405032247878764,1
4743,0,0.0009732119588005962,0
11677,0,0.1031329470733017,0
8771,0,0.022983290524436376,0
5922,0,0.17032979745633658,0
8948,0,0.10616877185641375,0
4283,0,0.024688882033089166,0
6681,0,0.3807392164583643,1
8183,0,0.025173047579871675,0
10969,0,0.18204469475420798,0
10246,0,0.03875093826922781,0
55,0,0.0010604025556200836,0
2590,0,0.21307294264470378,0
4030,0,0.17711001858002354,0
1303,0,0.04014548200442147,0
1192,0,0.025638556862979004,0
6489,0,0.16737677452129754,0
4683,0,0.041063021038438396,0
7195,0,0.022697913900849256,0
8259,0,0.010796747055253589,0
11577,0,0.44093661758076536,1
215,0,0.0178129358163517,0
1622,0,0.6171474348627142,1
8101,0,0.00450085797954032,0
4987,0,0.6819128654713352,1
6031,0,0.029939329658363028,0
9230,0,0.008309179227105088,0
7841,1,0.18596010787254624,0
10097,1,0.9603280577513862,1
9626,0,0.04336393532510986,0
2426,0,0.8622078450196848,1
691,0,0.005067229662976483,0
8006,0,0.03947495889549684,0
5046,0,0.005575311740246748,0
3357,0,0.011496052756530607,0
287,0,0.016176551268639774,0
2596,0,0.0011250608851139429,0
10566,0,0.04204723756432114,0
6233,0,0.0033967211770383567,0
9345,0,0.002362692256031261,0
6107,0,0.05242106097150061,0
9438,0,0.04494959258337267,0
1350,0,0.015465936917990569,0
10557,0,0.005710365073850559,0
4874,1,0.6164820359826683,1
5648,0,0.3622431194126395,1
5815,0,0.23006040212837353,0
7733,0,0.013909874288340241,0
10128,0,0.011678610231650208,0
10574,0,0.01440149710015983,0
12098,0,0.039421245361952045,0
2266,0,0.0014690395734283615,0
1104,0,0.0002507516952215034,0
5628,0,0.029923848184343148,0
7991,0,0.6259818972502751,1
11768,0,0.013761342893974873,0
710,0,0.023432921556241732,0
11317,0,0.10349413482289976,0
965,0,0.2036792210856169,0
7319,1,0.11694009838888517,0
80,0,0.022479837036824855,0
8897,0,0.013133187002174711,0
6433,1,0.023340898442656487,0
1027,0,0.0024436718336727234,0
10902,0,0.06023518491209189,0
79,0,0.0005184399882784437,0
3160,0,0.020948738623172976,0
680,0,0.006238593356077592,0
9304,0,0.03302044762074702,0
11720,1,0.7872307631326478,1
11421,0,0.15896497711714228,0
7412,0,0.07460133268358557,0
1276,0,0.06897596474825002,0
1336,0,0.0003313393437289223,0
11542,0,0.7100403242890643,1
12024,0,0.05256198449437866,0
1195,1,0.8840751744496124,1
2008,0,0.1100834835817362,0
5384,0,0.006922053949794643,0
7462,0,0.03397799652881956,0
6985,0,0.11386607915233457,0
4850,0,0.02309822817755472,0
1867,0,0.022374296221908018,0
2439,0,0.01851597699652785,0
7081,0,0.15422046846407908,0
4558,1,0.8564368558860007,1
6383,0,0.08536159216759881,0
10130,1,0.7638387890136026,1
5516,1,0.34452075896375295,1
1215,0,0.005687003638852503,0
3886,0,0.004136503238849356,0
1348,0,0.005227155602445386,0
6655,0,0.0070923528932193515,0
10528,0,0.06864869382629847,0
9844,0,0.10781147328969817,0
10624,0,0.03543578033061248,0
8408,0,0.025939676638013554,0
11553,0,0.08033576759871931,0
1854,0,0.023172579493937046,0
1444,0,0.02613035670931151,0
712,0,0.0012641663709433532,0
878,1,0.8744937738059448,1
11811,0,0.04817733237250161,0
7839,1,0.8790965509574783,1
5330,0,0.0005908119244085588,0
7910,0,0.08466754961773393,0
3179,0,0.09737161624745592,0
4576,0,0.21935498139857412,0
6005,0,0.6876043730162912,1
7286,0,0.035551045699540956,0
2730,0,0.007806377971721409,0
9114,1,0.8595282846791308,1
3360,1,0.5189750664277796,1
3737,0,0.005855719867301244,0
16,0,0.0010546983248729011,0
8566,1,0.06213152794696341,0
11026,0,0.06059811567332029,0
1045,0,0.006482876722687833,0
11015,0,0.01951178592837583,0
10782,0,0.020287852477437796,0
1009,0,0.041448259986923176,0
9892,0,0.05546836025243903,0
4350,0,0.016814823854624072,0
12044,0,0.09011647556128902,0
8990,1,0.9255014501593609,1
4119,0,0.055638820169071054,0
3071,0,0.0029679985548205384,0
1112,0,0.04711241137199166,0
7126,0,0.049292436430609037,0
3793,0,0.009057260726487886,0
8895,1,0.22726606086551973,0
2850,0,0.016952132433368572,0
7906,0,0.0698937681401779,0
8744,0,0.006319439050761761,0
11675,0,0.023488748513315272,0
1827,0,0.023392416080269113,0
6913,0,0.00733926813625508,0
3959,0,0.003619834483765695,0
1633,0,0.0037969968259752374,0
7775,0,0.10566335408044329,0
440,0,0.030079693570474967,0
11757,0,0.02401188449692417,0
2295,0,0.0023964034003029562,0
10274,0,0.2736547469250813,1
10747,0,0.042072784877073915,0
12250,0,0.5726617615552217,1
8600,0,0.42710030944559824,1
11465,0,0.01370600204832112,0
949,0,0.11679340764622673,0
10577,0,0.07355032573060448,0
5939,0,0.16826544308877148,0
8526,0,0.03971063701383802,0
7022,0,0.09582272822730162,0
3241,0,0.004734680833704321,0
11152,1,0.4847427943504052,1
5816,1,0.30844718425682505,1
8168,0,0.12685011981364094,0
7960,0,0.06948774649769796,0
2209,0,0.023853878640357526,0
7609,0,0.09320692273746971,0
12305,0,0.05653584788683849,0
8201,0,0.05574434186911694,0
1756,0,0.008388185738086648,0
5996,0,0.12354025429133743,0
5499,0,0.021042719772503955,0
5801,0,0.028649155803028323,0
8413,0,0.20048408704135237,0
11959,0,0.03378938139263149,0
6863,1,0.14203919977607052,0
5332,0,0.006050977627837998,0
1037,0,0.05399446352652076,0
3120,1,0.2700805591805388,1
786,0,0.009191298249465518,0
10869,1,0.5180253357549593,1
10160,0,0.05149964868248148,0
1805,0,0.023741762526249686,0
3385,0,0.0034976837936806665,0
9281,0,0.023070891985326678,0
3310,0,0.01970860114316527,0
11105,0,0.10892509796152894,0
11338,0,0.026306480162052455,0
1041,0,0.0409489579164066,0
5206,1,0.0669012641518211,0
4309,0,0.005449844896326075,0
7526,0,0.03048654736861334,0
6306,1,0.8014930813865623,1
8202,0,0.01488894095373952,0
9589,0,0.023203624305501123,0
75,0,0.010547387954113238,0
1026,0,0.2734359667714581,1
6056,0,0.01498172029890937,0
2285,0,0.00014950032243605648,0
5389,1,0.9424770443231434,1
2349,0,0.021074603789319878,0
1777,1,0.21253729129416604,0
6510,0,0.057890919815157524,0
312,0,0.004280420555971625,0
2281,1,0.9173548652130736,1
2609,0,0.013192869646025224,0
373,0,0.07457996627571294,0
1850,0,0.004595750170715491,0
7905,0,0.0754214408182398,0
12308,0,0.15183332233722152,0
8823,0,0.039536234357598316,0
1387,0,0.03606903815271086,0
8648,1,0.8289706568705758,1
65,1,0.6531912602972257,1
1664,1,0.7954856647599661,1
1390,0,0.0005750104503988997,0
894,0,0.40096439394779415,1
7398,0,0.06569842049077793,0
1401,0,0.025591207187002696,0
10927,1,0.4838572372214156,1
4397,0,0.032630535787897465,0
3637,0,0.0002765828565319151,0
1577,0,0.03584874142168133,0
199,1,0.8460749996593954,1
592,0,0.010798996191198021,0
3189,0,0.037211654897983386,0
325,0,0.03192055475250279,0
5072,0,0.4088698822267155,1
7607,0,0.04424210636208314,0
3001,0,0.013665677757208955,0
4583,0,1.3791749059534097e-06,0
8745,0,0.051742355539729876,0
7575,0,0.47692077636313984,1
2066,1,0.018542317763134832,0
1358,0,0.001694126943445981,0
8278,1,0.4271538460827461,1
277,0,0.0026699765790742526,0
9312,0,0.009631234172358952,0
2104,0,0.0002874319521937401,0
1824,1,0.3650256792470733,1
299,0,0.005185259159367285,0
2128,0,0.020136968272450807,0
2368,0,0.011216728962152936,0
9272,0,0.012374782001066861,0
246,0,0.005463760031637841,0
1872,0,0.0037276155393357103,0
1823,0,0.048907025403085655,0
10079,0,0.09496558438687552,0
10953,0,0.002601755690237176,0
5002,0,0.008363734715162344,0
7116,0,0.018318359067729814,0
5781,0,0.039074532404413095,0
2766,0,0.040706890721713844,0
8174,0,0.0595046834145233,0
10618,0,0.07063947446077946,0
4604,0,0.02466469639898221,0
9705,0,0.5239937509120935,1
6046,0,0.150740999868889,0
1264,0,0.01627511385718018,0
8922,0,0.012414256136927227,0
8047,0,0.03294606630035784,0
9063,0,0.01907205293111922,0
6951,0,0.022185229457517205,0
2486,0,0.08801537182976414,0
2868,0,0.007645200178612314,0
5610,0,0.05917509329821428,0
6861,0,0.105346123009987,0
7730,0,0.04538119706584982,0
1774,1,0.4370614845858371,1
3127,0,0.01229971784958264,0
8107,0,0.04694599579606695,0
4769,0,0.20451239964944892,0
3600,0,0.18464967551641773,0
5655,0,0.07483871256058527,0
8156,0,0.01759318852190497,0
5341,0,0.01091586172116479,0
3450,0,0.005560267259949809,0
2176,0,2.0576344644622134e-05,0
10251,1,0.13028924566930195,0
2126,0,0.012413472217659476,0
6119,0,0.244274698828363,0
6623,0,0.8275095493549068,1
9061,0,0.033982406837091375,0
6157,1,0.7988322293657559,1
4781,0,0.01294279172630917,0
2883,0,0.008022622137196038,0
4695,0,0.002386183293992798,0
11673,0,0.006435949783282877,0
5720,0,0.007222887208619777,0
10527,0,0.01146348702875094,0
4105,0,0.0931664314926761,0
3573,0,0.005483020605894383,0
358,0,0.04763335944928861,0
996,0,0.0675272510661694,0
6740,0,0.058717069158702985,0
8726,0,0.41927641709187036,1
2428,0,0.16220874082719702,0
4269,0,0.027204175931728494,0
5443,1,0.6678242942380055,1
10120,0,0.03311413538952375,0
3764,0,0.7389780623287633,1
2969,0,0.10895073210685674,0
3950,0,0.005203031330176174,0
8491,0,0.004335844709178902,0
7915,1,0.4187922411261457,1
9214,1,0.562716658199988,1
10307,0,0.0394875338360915,0
8480,0,0.054999638479024206,0
9885,0,0.14365514903763527,0
6224,0,0.11077991403795635,0
8404,0,0.07481988389583422,0
6382,0,0.0036706471573367543,0
2993,1,0.7043107082858311,1
7332,0,0.02381540710846891,0
5697,0,0.4908347631989658,1
8843,1,0.4610817822012982,1
8798,1,0.9047343947102727,1
4777,0,0.0052386931863773415,0
858,1,0.8856016400583786,1
2080,0,0.06126256366797227,0
4386,0,0.00795398663139422,0
11601,1,0.4715594691149065,1
5566,0,0.02806329805223916,0
157,0,0.006433271188553634,0
3802,0,0.023942536521053288,0
9137,0,0.34113175257516365,1
11011,0,0.13507291769147672,0
4908,0,0.006028912540936301,0
2113,0,0.0156962571618163,0
6477,1,0.563156864516384,1
3422,0,0.25819382457284756,0
8854,0,0.10619718419569453,0
140,0,0.0012296436680187478,0
4750,1,0.8652247805134833,1
4241,0,0.01062941704225164,0
10147,0,0.03959983579954439,0
543,0,0.008534489149378719,0
7904,0,0.1709744681995462,0
8752,0,0.001906122519398351,0
11336,0,0.012472080525062292,0
495,0,0.010411244163277487,0
567,0,0.010346582660053134,0
422,0,0.01897349286626062,0
10474,0,0.064116647316734,0
8639,0,0.5849930625238703,1
9992,0,0.12242075494175067,0
11763,0,0.0023428650328602587,0
849,0,0.015001831247412079,0
1507,0,0.003016337808405543,0
269,0,0.01014784523531488,0
4266,0,0.04350790488410354,0
7108,0,0.5698906963809387,1
3012,0,0.0014808342292737494,0
9856,0,0.0031955706247201268,0
8255,0,0.05040573941962748,0
4793,1,0.4521578135098007,1
5172,0,0.02216043854067922,0
8222,0,0.007476895019622376,0
6348,0,0.10024106451089386,0
1417,0,0.023073531764749158,0
7860,0,0.10117148861383277,0
3872,0,0.06606068116473951,0
8511,0,0.02891106621091394,0
11067,1,0.7004520021701914,1
9181,1,0.8147068418657007,1
2117,0,0.0021988190602108856,0
883,0,0.041928230353104654,0
96,0,0.0010241592030969153,0
8307,0,0.0010915611275999998,0
3849,0,0.26366743661372793,1
3584,0,0.007019049875620487,0
8113,1,0.13376631425180013,0
8100,0,0.01301912413443574,0
7030,0,0.10129167651017001,0
1640,0,0.01182402122934667,0
9264,0,0.029250026096288816,0
983,1,0.8119789786708312,1
6977,1,0.7811690922222321,1
5961,0,0.08589815458375197,0
2283,0,0.00012097029763241229,0
6652,0,0.029186136490116227,0
9543,0,0.4355419448678885,1
9153,1,0.6416729152610119,1
10661,0,0.0728848363565102,0
11134,0,0.12409751882651965,0
9582,0,0.19268136770289815,0
4974,0,0.035360404756264424,0
3890,0,0.007716550783973532,0
7699,0,0.10780008917222696,0
11642,0,0.6477707106657232,1
8345,0,0.9496213075725243,1
1776,0,0.06393106305008586,0
10507,0,0.046894140495184575,0
7595,0,0.022618889075750166,0
2396,0,0.029195774995976722,0
554,0,0.0005750104503988997,0
10825,1,0.12800671154600227,0
11463,0,0.01640189153245503,0
7079,0,0.08287221061963902,0
4688,0,0.014227665108642725,0
11247,0,0.018651472639451955,0
5396,0,0.01694022641428771,0
10012,0,0.13864979111726372,0
10062,0,0.03589839713830514,0
7868,0,0.048588805796024745,0
10185,0,0.12439603153840743,0
7459,0,0.08913166400577921,0
6509,0,0.03937783180559423,0
7789,0,0.06474986721646034,0
1972,0,0.04800384702653856,0
6945,1,0.7313794034721599,1
11471,0,0.3687713951812057,1
2675,0,0.013527969569686483,0
3675,0,0.002286984225354845,0
10601,1,0.02028964988214146,0
10387,1,0.4817338186080881,1
8073,1,0.7519201708454049,1
10791,0,0.04713463446107808,0
2601,0,0.00811866074230206,0
2775,0,0.01136609565431176,0
8833,0,0.5969167980046709,1
9979,1,0.5762908791558664,1
3590,0,0.003503000203974069,0
3006,0,0.03321237429385602,0
830,0,0.03627073430663758,0
12101,0,0.3485226588401319,1
9491,0,0.14995232581192441,0
483,0,0.0009151410002300184,0
5820,1,0.13835920381512432,0
9984,0,0.023489846553541683,0
7691,1,0.36125297441837123,1
11408,1,0.3297563590405101,1
8876,0,0.007360429880076084,0
7454,0,0.06366288455077761,0
1942,0,0.07076011497729813,0
10431,0,0.17162183791629435,0
12114,1,0.6214450796202251,1
3940,0,0.0014024370723140396,0
12317,0,0.05332560418466352,0
11107,0,0.13588418793323173,0
11915,0,0.006104865101001491,0
3286,0,0.7697035833056616,1
211,0,0.0016075750858795866,0
11963,0,0.05908830328193045,0
608,0,0.008940045680129105,0
10341,0,0.0023304534983377176,0
5401,1,0.4181056508115425,1
1406,0,0.019365531599147986,0
7932,0,0.10891240034620533,0
10170,1,0.42334190832210805,1
6234,0,0.05212901140606699,0
321,0,0.00381092987875658,0
11583,0,0.05636151222544732,0
11005,0,0.029293171481068626,0
361,0,0.005865161883658324,0
10099,0,0.02530651344460188,0
10721,0,0.15178276874255783,0
2916,0,0.0013514879218202464,0
7190,1,0.9491788367681598,1
5006,0,0.02019906877732099,0
7011,1,0.3262793781055423,1
8388,0,0.03386437451025601,0
4818,0,0.0015496841749068906,0
1133,0,0.0010549369930396538,0
11174,0,0.12000062860395928,0
2963,0,0.002672401477837725,0
8335,0,0.20272151120378135,0
9785,1,0.276832198374463,1
11785,0,0.011891563935602686,0
7024,0,0.4104534278460706,1
3348,0,0.17728615086301147,0
10983,0,0.1559325955390571,0
1926,0,0.012723797198368973,0
4058,0,0.004386951651824834,0
3459,0,0.003809052146551769,0
8091,1,0.5260046479664435,1
6822,0,0.09921424303496136,0
10504,0,0.026498531944571208,0
100,0,0.03481414285426631,0
6674,0,0.24483929046460717,0
2505,0,0.028833734688870797,0
1171,1,0.8408805796425621,1
2566,0,0.05136745182597734,0
4292,0,0.0036918010951438947,0
11179,1,0.05727912280788184,0
12152,0,0.4847707596659441,1
4033,0,0.0029980102394734295,0
11358,0,0.5217442013050931,1
2606,0,0.04730388872874936,0
9604,1,0.2503837692420681,0
10646,0,0.13059737377211067,0
10558,0,0.0721813000993375,0
2621,0,0.0007711096057651062,0
6786,0,0.3513187221285435,1
9516,1,0.022492252825375456,0
3891,0,0.0012633420839645746,0
5203,0,0.4214232251286818,1
10463,1,0.7617525827290448,1
5039,0,0.35078920494007315,1
7701,0,0.052257376191123445,0
8253,0,0.11883092495699676,0
8057,0,0.02785362876697145,0
951,0,0.0028199533553259688,0
11486,1,0.4547790659660525,1
11612,0,0.1485350670293377,0
5084,0,0.0037053227343888666,0
8179,0,0.07455512278521127,0
2986,0,0.027747400833581598,0
7461,0,0.13370340965129204,0
11733,0,0.0030959085296483084,0
11051,0,0.02342208231566875,0
12089,0,0.4163776641637491,1
1411,0,0.005388583088763586,0
4617,0,0.8645101007848218,1
2990,1,0.42108437714305924,1
5382,0,0.006069069279048184,0
2269,0,0.01587687392374339,0
4664,0,0.14920061182444527,0
11435,0,0.048903920604405744,0
6165,0,0.23001198080990717,0
5342,0,0.004180776939889731,0
4441,0,0.017214809934320195,0
10282,0,3.416991319193091e-05,0
1245,0,0.007966958147349745,0
6634,0,0.12470170668774178,0
3580,0,0.029129445605041764,0
8539,0,0.06878411726397125,0
10323,0,0.19232581486955627,0
1470,1,0.43417741842562796,1
4675,0,0.00740047180718934,0
6315,0,0.007306975952832106,0
5159,0,0.5128235662394296,1
4945,1,0.9009652537969586,1
1359,0,0.0480764982247858,0
2277,0,0.06744985845922408,0
5769,0,0.21046909859242446,0
842,0,0.0519969954963744,0
9120,0,0.058050244934425746,0
2429,0,0.002383780597512358,0
6050,0,0.5092166121619726,1
10459,0,0.08781492884628027,0
6226,0,0.009899311300224664,0
3181,0,0.00044837187007583986,0
4233,0,0.0018828380221670262,0
6663,1,0.4369839205749447,1
8005,0,0.012703481209496903,0
10935,1,0.5266684848303312,1
10698,1,0.057640681187865465,0
7535,0,0.11499102565142078,0
3843,0,0.004739083251722361,0
642,0,0.033708825008004255,0
6546,0,0.02104541388187164,0
1422,0,0.004954344589431224,0
5289,1,0.9276570019363349,1
10172,1,0.7793284756254827,1
2481,0,0.012854343247008118,0
8532,0,0.07057573104241581,0
360,0,0.011842266794532598,0
2151,0,0.00031504931595182294,0
3521,0,0.0059735180133904464,0
4834,0,0.00443236559830634,0
303,0,0.006302627644026736,0
11554,0,0.12428373329847037,0
3388,0,0.012246431284117381,0
2190,0,0.02762055580215562,0
8800,1,0.9170859315260675,1
1518,0,0.0009494514667692073,0
2415,0,0.14296853485356634,0
6296,0,0.45746637213153046,1
4038,0,0.009776606342833059,0
5236,0,0.012555088960499748,0
7228,0,0.01476820135196928,0
12312,1,0.3240081120523001,1
11822,1,0.3695951742084355,1
9820,0,0.23631441116074425,0
2534,0,0.0025343345121718263,0
10800,0,0.028008886537794563,0
399,1,0.5097180070435998,1
1363,0,0.0005008318853573632,0
7610,0,0.03853563924258729,0
1968,1,0.21139040361245082,0
6784,0,0.0039026588626303515,0
4870,0,0.09314724782165598,0
718,0,0.0026786856454447607,0
7153,0,0.11155741284428349,0
7243,0,0.10440496124415724,0
11046,0,0.03247060953879157,0
4352,0,0.33419977821019464,1
161,0,0.01529852231681402,0
570,0,0.004291772603227464,0
4741,0,0.0020828873356894652,0
10020,0,0.03012948950873283,0
10820,0,0.008076087513512596,0
560,0,0.041678639419635025,0
2135,0,0.008752173846969559,0
8763,0,0.098306256891217,0
2009,0,0.0033404267427306596,0
5273,0,0.0026933234000442413,0
4955,0,0.0314773078195483,0
7154,0,0.15229224571239647,0
7811,1,0.607549196118613,1
1299,0,0.004094134125153391,0
8913,0,0.08269739169334907,0
9489,0,0.05264514248576872,0
151,0,0.0006594094551185264,0
8040,0,0.36182418680305733,1
2956,0,0.8287834906507922,1
7455,0,0.021465881756395126,0
10737,0,0.005855672187009207,0
4921,0,0.0025658987645449534,0
3026,0,0.0028848956362830477,0
3036,0,0.013880562772998274,0
9371,1,0.5582905833905896,1
3611,0,0.011343549521560914,0
545,0,0.062005424316992554,0
5387,0,0.007850949777373478,0
2835,0,0.012507703254645387,0
11727,0,0.16167998750287763,0
4947,0,0.03936054458432548,0
8096,0,0.9348397471493445,1
9564,1,0.6557402298446031,1
11895,0,0.2402675608493289,0
6407,0,0.6312851276935628,1
4444,1,0.2074535851407432,0
632,0,0.014051767522336129,0
10134,0,0.1999575460863741,0
7901,0,0.015722774218261293,0
1730,0,0.00216611085628446,0
319,0,0.02210506735620517,0
6912,0,0.0405793115492408,0
9790,0,0.09959563691716367,0
5348,0,0.013662532516289622,0
8314,0,0.009562278721483033,0
2133,0,0.011585749815211991,0
2627,0,0.008259835806686003,0
3213,0,0.0761820661756107,0
1898,0,0.035617690711973654,0
7080,1,0.7382073726122025,1
1356,0,0.0007278777380708507,0
4028,0,0.0059624932945688035,0
1533,0,0.009202057654766645,0
1901,1,0.3467999881841996,1
5803,1,0.819318269475774,1
6426,0,0.08373237966758364,0
7836,1,0.9236100462452377,1
8293,1,0.961712778165375,1
7739,0,0.1552477900331259,0
11797,1,0.8166526041233053,1
12000,0,0.09852261737354055,0
8481,1,0.7533463038776148,1
1157,1,0.16449358574562034,0
1425,0,0.017074752775493113,0
622,0,0.009337343691236845,0
5504,0,0.0044451472284625535,0
4594,0,0.01821227019506551,0
1143,0,0.0008952517847656653,0
9897,0,0.08805915442117396,0
4040,0,0.01072235484690475,0
5087,0,0.003744180702655796,0
3338,1,0.8185486535011205,1
2249,0,0.4602080772695095,1
1453,0,0.0005750104503988997,0
3176,0,0.013172843100967377,0
8061,0,0.1761162288861824,0
11661,0,0.012891279896296707,0
11273,1,0.9285091635881524,1
9134,0,0.02494044589669447,0
4396,1,0.8008060060836482,1
993,0,0.0015204385149244037,0
1707,0,0.017690820889792302,0
9893,1,0.0434781005969398,0
10700,1,0.8555803868771109,1
6973,0,0.05143655478192731,0
2833,0,0.003852827262792156,0
3030,0,0.017985554044656342,0
7001,0,0.02926182790275945,0
7439,0,0.01684265872640681,0
10315,0,0.04819690011638383,0
4929,0,0.001241931300081344,0
9999,1,0.6206878192138834,1
8004,0,0.07770442132623409,0
8904,0,0.03076065894101766,0
4407,1,0.009135661002897442,0
8553,0,0.7631706913211351,1
1221,0,0.07439009120676982,0
6387,1,0.6027347192229227,1
8264,1,0.7721017499050917,1
5412,0,0.005887129419986167,0
7186,0,0.10954777963081395,0
3086,0,0.0008277667038821346,0
10416,0,0.05022471203878623,0
1993,0,0.0016094943582497783,0
8103,0,0.04900225669627299,0
2919,0,0.004585763721793433,0
6797,0,0.38926899736939125,1
3993,0,0.022441684771768746,0
1083,0,0.011789269312204295,0
11872,0,0.006370383784086519,0
11453,0,0.06205587792420468,0
8955,0,0.03775409054372814,0
6151,0,0.12485416063151941,0
6341,0,0.10476866647479448,0
7661,0,0.19559150448846882,0
925,0,0.0516235265548211,0
4768,0,0.012305791427625279,0
2814,0,0.0014324641976419166,0
11605,0,0.015302178134483639,0
8181,0,0.04476612147307471,0
1071,0,0.004862535094603567,0
8141,0,0.0395508723101766,0
1772,0,0.006840481115564893,0
12287,0,0.4919121647206848,1
7143,0,0.09536773109180609,0
2208,0,0.7905641310230122,1
9359,0,0.07783558664663942,0
7163,0,0.027604391077935126,0
7252,0,0.019579313422391494,0
7089,1,0.5569145490485236,1
2434,0,0.0043235892259183535,0
11395,0,0.014483529033467075,0
3743,0,0.0003908092585814814,0
8971,0,0.0031580908013169877,0
11540,0,0.006319051524751775,0
9182,0,0.4095982090443093,1
9072,0,0.08756945578624832,0
10371,0,0.010343900521134862,0
1702,0,0.004586828913382356,0
2037,0,0.0019441291052687433,0
7506,0,0.0571652056031696,0
11762,0,0.05632505677159421,0
588,0,0.012235302073901654,0
4556,0,0.047545404977858176,0
10075,0,0.1021028590086774,0
714,0,0.003847599951259413,0
6920,0,0.02513643271868963,0
2354,0,0.005204189915300368,0
11671,0,0.3783921476175494,1
6324,0,0.11887713616406277,0
2733,0,0.003712892184117621,0
7616,0,0.09416843529016668,0
6229,0,0.22722788439886668,0
5937,0,0.335639278214445,1
5473,0,0.07173969327512965,0
7581,0,0.028073639299868326,0
5201,0,0.005223128815058374,0
3629,0,0.023218098842911546,0
9471,0,0.06831729442294247,0
11444,0,0.03919685043144748,0
10904,1,0.392650197318103,1
4084,0,0.02137898779124554,0
5468,0,0.14293216725081676,0
10288,1,0.6891657333891172,1
1462,0,0.004378835228752085,0
11007,1,0.10101795863220236,0
4472,0,0.030665969953728937,0
7754,0,0.013549519500979558,0
9848,0,0.04060459985171515,0
2298,0,0.0016709210738303688,0
5679,0,0.08873757711752044,0
2644,0,0.005448480600809249,0
8731,0,0.04730310222027945,0
12181,0,0.004272489176678357,0
1019,0,0.06424279068848376,0
11141,0,0.18884080474891016,0
3658,0,0.045437260732122856,0
4939,0,0.02612633909419123,0
2021,0,0.009060087646712865,0
10948,0,0.15906528288937383,0
3711,0,0.032868503953743994,0
3276,0,0.01967407002619554,0
5622,1,0.385600353113613,1
11425,0,0.099312882087493,0
9318,0,0.053124037505225936,0
10793,1,0.466180591186715,1
6775,0,0.09523779736382017,0
1848,0,0.006627116792648901,0
6557,0,0.1753198526615129,0
7546,0,0.044416627443414174,0
10108,0,0.08828232334379318,0
1461,0,0.018468630438832657,0
5522,0,0.022274660938781568,0
2051,0,0.07718331669013812,0
10581,0,0.015259520471628365,0
9301,0,0.023198989292862227,0
5661,0,0.02022178051234203,0
1106,1,0.44857583553744035,1
2763,0,0.005044768898350616,0
4585,0,0.020456067990507885,0
1033,0,0.0023752237848767427,0
4994,0,0.015028533389801594,0
5131,0,0.01800099907363939,0
6781,0,0.6501969916028232,1
336,0,0.005823507688224409,0
1838,0,0.0020059432320665123,0
4125,0,0.00469974051142217,0
9400,0,0.7247555684299545,1
4714,0,0.043938031212749966,0
7777,0,0.06977308902637054,0
10254,0,0.37746562391946215,1
3206,0,0.0936518515758322,0
8468,0,0.18040683658437381,0
3397,1,0.07525400309730686,0
753,0,0.06854408845489351,0
8369,1,0.8804906401571974,1
6283,0,0.04811533651846994,0
3359,0,0.08319577078659424,0
11287,0,0.018283124015865182,0
2724,0,0.006037393545844554,0
8442,1,0.10776074630913592,0
4198,0,0.014177315177054431,0
11908,0,0.004988822192927636,0
12309,0,0.02042736769210457,0
1420,0,0.036535253791402995,0
4772,0,0.0018900645318302202,0
4095,0,0.0030460680626262643,0
6010,0,0.0786144035682284,0
9644,1,0.8805319081865586,1
6291,0,0.0047743076829648715,0
10427,1,0.5898908596475866,1
9576,0,0.6851781579844001,1
5424,0,0.016550386900042898,0
10780,1,0.6737148093608575,1
2654,0,0.00029893494817297215,0
3380,1,0.9091180087428009,1
148,0,0.004549130665583032,0
10815,1,0.3195282301262219,1
4490,0,0.024581517475580936,0
9930,0,0.7800996279759578,1
11928,0,0.1667322239506875,0
5943,0,0.07536931321843755,0
9759,1,0.7479673476772921,1
2530,0,0.02732978749826934,0
1321,1,0.8374009553332715,1
10067,0,0.6974298764610973,1
4534,0,0.006637571306248577,0
9460,0,0.2835674698218775,1
4943,0,0.016760971757080863,0
7488,0,0.012043804101145061,0
6670,0,0.0894879362191528,0
2395,1,0.18125432750174816,0
759,0,0.01172618496505547,0
8665,0,0.5258324248774865,1
6897,0,0.07290247588013128,0
11879,0,0.05468730306818705,0
11576,0,0.06800572585610085,0
2710,0,0.11996210330042004,0
3173,0,0.0021693914242584635,0
7442,0,0.22792909030958508,0
10241,1,0.8965419704514909,1
1759,0,0.032349541243769715,0
6344,0,0.056865919464553084,0
1897,0,0.007373690289235099,0
5477,0,0.10058825390047932,0
11868,0,0.020043508482310648,0
5867,0,0.016106109772397716,0
5891,0,0.08611295782296209,0
6444,0,0.13247939028593297,0
3013,0,0.0034219728766004195,0
1333,1,0.9441939017626407,1
10187,0,0.051253417783170274,0
8030,0,0.2167777176937689,0
3822,0,0.028801455667104674,0
7582,0,0.03815892521432633,0
3489,0,0.019760071883160805,0
966,0,0.09541629172718157,0
3604,0,0.009754222585077271,0
4373,0,0.013067908154247953,0
10008,0,0.1641712298345455,0
5486,0,0.016687156191154722,0
11489,1,0.17974510922462492,0
193,0,0.003505878485070771,0
8197,0,0.48887501642489567,1
6290,1,0.2960021289890377,1
8402,0,0.14602016614217272,0
4936,0,0.4444461016786334,1
3694,0,0.011137042210485894,0
8469,0,0.004950794358048456,0
9410,0,0.0063204405027196325,0
857,0,0.22072406731178237,0
11397,0,0.05434774347207343,0
3830,0,0.03339645149372177,0
10055,0,0.05162798262469985,0
2287,0,0.0026479458766997736,0
8241,0,0.03628936421611106,0
7054,0,0.13771048338877231,0
7392,0,0.11476675300175632,0
12002,0,0.06624845663131579,0
11299,0,0.26566521176604285,1
6272,0,0.05875205039956908,0
2931,0,0.005387150692755161,0
5413,0,0.4498530227845211,1
3144,0,0.005706990981232324,0
12166,1,0.3793728858548929,1
6112,0,0.19133890147396546,0
9941,0,0.13752939636454722,0
8781,0,0.014260395963361327,0
3410,0,0.018170405573163444,0
5111,0,0.05586896709889906,0
11052,0,0.23950025849790813,0
9228,0,0.12549811393746044,0
6737,0,0.12925138334954667,0
11859,0,0.06278657873408926,0
8958,1,0.05001784878249459,0
1875,0,0.03100412068607137,0
1379,0,0.49840770799652734,1
9432,1,0.42371675534285996,1
7353,0,0.4784939251878619,1
7023,0,0.06426222068081057,0
4578,0,0.00486981561736717,0
6768,1,0.893335248769541,1
293,0,0.0011368911665293085,0
5598,0,0.13628784642525246,0
5402,0,0.012326593618476045,0
4735,0,0.0005291648031518104,0
9046,0,0.0038061602699602493,0
1846,0,0.02883768193098275,0
7316,1,0.0848993447201967,0
9587,0,0.0347418972741969,0
164,0,0.008351025285607808,0
7996,0,0.21842835773587527,0
4026,0,0.03188754545786498,0
4080,0,0.006304353817548209,0
8116,0,0.5486275595723216,1
9931,0,0.02361100470699041,0
7087,0,0.08454847829473683,0
9517,0,0.23389697605561258,0
11695,0,0.05302367899749401,0
10151,0,0.02116144885305423,0
6766,0,0.053116840372747144,0
10517,0,0.14626306812182707,0
10073,0,0.3119325988018351,1
10686,0,0.02239368821020644,0
5760,0,0.7477989153789334,1
11109,0,0.038380701098577184,0
10764,0,0.03223039397153809,0
12188,0,0.5781143346770927,1
9454,0,0.0030781728274158937,0
2871,0,0.01765391366264653,0
5736,0,0.03777325623431045,0
5376,0,0.018071111382365123,0
10588,0,0.05969609017632029,0
3485,0,0.0005909387212013704,0
4685,0,0.0019997643429351033,0
652,1,0.47553457120842824,1
7945,0,0.11853116047568685,0
10989,0,0.08206711066169932,0
12009,0,0.5348569925937198,1
9726,0,0.06391125285829595,0
2784,1,0.9223776666116061,1
3109,0,0.013354570600487866,0
4189,0,0.2860829716197084,1
2633,0,0.4589709888268733,1
11297,0,0.06069174640202532,0
3411,0,0.023690446206068194,0
10897,0,0.16519735530005789,0
10521,0,0.036139365634785044,0
11087,0,0.6791262555551977,1
5955,0,0.013227675638444465,0
6981,1,0.10567009947863355,0
11058,0,0.3368299548433358,1
3268,0,0.5216195957503913,1
1870,0,0.024645473393704133,0
7819,1,0.27045042640825023,1
9065,1,0.27378149860490913,1
998,0,0.006215453280091315,0
1416,0,0.02271721790705205,0
5978,0,0.6281404955638659,1
12310,0,0.03542864946095075,0
8395,0,0.1285187063648706,0
11478,1,0.043226459929149155,0
8219,1,0.08642346431310792,0
8208,0,0.10739555587350143,0
2251,1,0.1348409759277432,0
8790,0,0.005634056412362867,0
11796,0,0.011076752189025563,0
10324,0,0.07113129376974013,0
1917,0,0.014579669204792959,0
5476,0,0.08575817049886277,0
9111,0,0.06132103722443909,0
3372,0,0.017832678527832546,0
3220,1,0.781481746995816,1
5872,0,0.06305057466239719,0
9583,0,0.0007604132214843256,0
10680,0,0.058693850668268904,0
223,0,0.02409297871594007,0
3995,0,0.021262557108838166,0
7123,0,0.028775722880686066,0
9693,0,0.10013620527712329,0
7569,0,0.032135777982652214,0
6787,0,0.11364697129550158,0
1931,0,0.0008566660899560788,0
8455,0,0.049054243233391866,0
7711,0,0.3343667549844989,1
1929,1,0.4350618657175343,1
649,0,0.0552990645060106,0
11,0,0.0034634518920217553,0
5997,0,0.0032733999725148475,0
9131,0,0.013952433003612921,0
2845,0,0.005426248685229899,0
6524,0,0.04374756219183119,0
4972,0,0.0009174666670379053,0
8836,1,0.22307097258390482,0
10797,1,0.8150641565200797,1
3035,0,0.03549999346365913,0
3901,0,0.0007111735846558945,0
6084,0,0.009511822449041885,0
2799,0,0.0018447200802605653,0
4177,0,0.014822847394191381,0
2673,0,0.013840059470883221,0
4185,1,0.9446257689607531,1
8177,0,0.007250970030507772,0
11651,0,0.05888076116687227,0
8960,0,0.027270264984844146,0
4652,0,0.010866320220660197,0
9130,1,0.6565543454354287,1
6688,0,0.044069539500328846,0
12048,0,0.18308038483057937,0
6427,0,0.03817490031911313,0
6440,1,0.9042831265827275,1
11385,1,0.7437538171112571,1
8185,0,0.4657354706517027,1
12313,1,0.6662800392725411,1
896,1,0.8972188386413126,1
12092,0,0.011176251035113454,0
11999,0,0.10102760925092179,0
5887,0,0.032773259904648015,0
2061,0,0.0008566660899560788,0
3547,0,0.004853657374195695,0
417,0,0.01002475796592642,0
8334,0,0.025446202745931245,0
6553,0,0.04194171558535218,0
6972,1,0.10802015537964407,0
5798,0,0.008959250198519902,0
897,0,0.0017231942767924405,0
6090,0,0.1752775702812344,0
8135,0,0.04020368968776635,0
11551,0,0.15038148526443018,0
5187,0,0.012696769349172563,0
7037,0,0.019413440142661255,0
9704,0,0.1117563407151374,0
6429,0,0.9861107473244453,1
7887,1,0.9633980392066291,1
1514,0,0.0017543753051609445,0
6260,0,0.0022697154935606514,0
5319,0,0.031071531620465248,0
2741,1,0.2835314909282344,1
4765,0,0.01595328536900442,0
3441,0,0.021233379226935238,0
9706,0,0.014524367597180106,0
4123,0,0.0029340103643429117,0
10183,0,0.12077061980702203,0
3043,0,0.009883714185093458,0
10407,0,0.3201180471953955,1
6903,1,0.921003313857117,1
8751,0,0.045424259344221146,0
9502,0,0.010877932566324498,0
1539,0,0.013928403121394546,0
6746,0,0.03470191463071191,0
11755,0,0.046593462286180234,0
1367,0,0.010723339736838707,0
5286,0,0.0006778730930037656,0
5349,0,0.0016657943600782718,0
6963,0,0.1017663855797134,0
6110,1,0.9209807758918626,1
2740,0,0.023037710445235192,0
3887,0,0.010906511211993555,0
11783,0,0.034613267557654,0
9898,0,0.025406522379540088,0
12279,0,0.1164869331227415,0
1663,0,0.031277729737948325,0
4759,0,0.015306927012811111,0
11756,0,0.019599834818170424,0
418,0,0.0011368911665293085,0
7570,1,0.19705281683350137,0
11415,0,0.25595285703240134,0
8957,0,0.6465371250339175,1
2288,0,0.0159937878053828,0
2077,0,0.01864870565341967,0
3583,0,0.011452881371209117,0
10684,1,0.6501078081120826,1
5295,1,0.8404766403244582,1
4899,0,0.05710032793079268,0
6587,1,0.06859471819053639,0
5272,0,0.02845680508414348,0
5683,1,0.4615756788854289,1
7354,0,0.051097899861875434,0
7874,0,0.6444161782321134,1
512,0,0.0005750104503988997,0
994,0,0.01305455382283559,0
38,0,0.002305024448936943,0
8456,0,0.02183883392488998,0
2370,0,0.03410198569860841,0
1430,0,0.008163636557176921,0
3085,0,0.0037554802998056975,0
5949,0,0.005269801189592499,0
8740,1,0.6054662045570978,1
10644,1,0.7997043422729914,1
4922,1,0.8653515314424488,1
10338,1,0.9105566472586925,1
11667,0,0.0261544725495103,0
8554,0,0.014192605364347998,0
5000,0,0.010434743881246444,0
10900,0,0.07893790677974065,0
1012,0,0.0018986142504867774,0
6619,1,0.3669321532463704,1
11975,0,0.1153911615126819,0
1839,0,0.0007906084577506237,0
5880,0,0.021361891120357784,0
5983,0,0.6246451955030842,1
7293,0,0.7685402951845616,1
5650,1,0.2525775586448998,0
8032,0,0.11891520499279329,0
3807,0,0.02024071280869881,0
4140,0,0.003135534792851985,0
2248,0,0.01762017710872922,0
1349,0,0.05977035012092443,0
11537,1,0.686674020541853,1
2636,0,0.012017085116224886,0
12233,0,0.5226984886887196,1
7478,0,0.21722671274804564,0
4303,1,0.9788400443795383,1
8627,1,0.9642424498281316,1
8300,0,0.04956412101466268,0
1217,0,0.007323775662181462,0
3531,0,0.01501004604894863,0
8173,1,0.7376927509868121,1
2878,0,0.03740301849991484,0
8482,0,0.04525324433564186,0
5165,0,0.0066577822283396555,0
6225,0,0.07267219900913233,0
2027,0,0.016668567613923095,0
8320,0,0.1275952488043664,0
10457,0,0.012768816704294883,0
7380,0,0.040811147145003966,0
8824,1,0.468803860605422,1
8705,0,0.8591560519652498,1
7957,0,0.02009090012180526,0
658,0,0.0006236379341601991,0
3279,0,0.005726399914502821,0
4036,0,0.004046453833215069,0
6589,0,0.28186272461772316,1
5337,0,0.8793678246363892,1
5326,0,0.0007071386843564066,0
4091,0,0.002945332788489996,0
5807,0,0.06651110165888563,0
10025,0,0.8298284778202263,1
10910,0,0.8470621976289426,1
3419,0,0.018444356842592362,0
5008,0,0.01756038037488453,0
9232,0,0.04669657937418197,0
9458,0,0.6744678673784031,1
2669,1,0.045797100047337606,0
3482,0,0.24844344093493953,0
2177,0,0.000503168039557141,0
6347,0,0.2877499004869802,1
10658,0,0.019441606980188226,0
4847,0,0.00018030833779876618,0
8966,0,0.05979780414936338,0
5877,0,0.43092347195262803,1
10692,1,0.7611619639392941,1
2141,0,0.0019273442430486416,0
119,0,0.0020107996632253715,0
5740,0,0.05715111296576296,0
5802,0,0.05188314129162269,0
3005,0,0.0037474242548882343,0
10975,0,0.02516962718539286,0
8591,0,0.013600496486556783,0
11918,0,0.0052513505439925,0
9300,0,0.393583111454278,1
4927,0,0.010712356225363028,0
3098,0,0.014349317674791223,0
6528,0,0.14509370811670255,0
1505,0,0.007027287589175537,0
2751,0,0.0008180346579035147,0
9326,0,0.030112604651725102,0
7542,0,0.1925380602021922,0
1932,0,0.006750920872530218,0
8081,0,0.29478523112754057,1
4313,1,0.5700926339549323,1
4748,0,0.016024244240031876,0
7923,0,0.13543677563717202,0
10124,0,0.02978849636644412,0
11704,0,0.22381011249277402,0
4689,0,0.01606337897935564,0
9509,1,0.52971155237244,1
7394,0,0.09985604755000838,0
1828,0,0.007334244701997155,0
3829,0,0.007826633119298416,0
6692,1,0.053378651996747344,0
11282,0,0.0509722724321541,0
5691,0,0.0056344803702071495,0
3116,0,0.007101301706038116,0
9670,1,0.3949451669055273,1
6054,0,0.9152402882170947,1
5518,0,0.02883267398120086,0
1378,0,0.016051723277015397,0
1095,0,0.03254242139107966,0
5431,0,0.0179038828975585,0
9356,0,0.005648052218446845,0
11455,1,0.13990045631314724,0
5625,1,0.4656374550284341,1
12137,0,0.060977381336589455,0
6101,0,0.037636468056334596,0
8510,1,0.13337376996681166,0
2185,0,0.034464292340684266,0
12138,0,0.03976155977601433,0
9744,0,0.20166975287221167,0
5265,0,0.008882293912302667,0
10393,0,0.10714355805139518,0
5045,0,0.08553872896106904,0
10697,0,0.004555407396670653,0
3665,0,0.037697424978399126,0
2811,0,0.005848224763390033,0
9962,0,0.5027309000142673,1
2188,1,0.811531227946344,1
8678,0,0.10395765841443577,0
4632,1,0.07739399443911846,0
6552,0,0.03868136403904867,0
6095,0,0.03530152750569183,0
11468,1,0.22894930360553453,0
10281,0,0.11868734163941323,0
4235,0,0.01588841452946728,0
4591,1,0.42420101212693706,1
4180,0,0.16416433559555033,0
11204,0,0.08096792570114383,0
10704,0,0.0012064595886592793,0
11753,1,0.2637315454272666,1
3518,0,0.04944217934636616,0
9741,1,0.7601814448873946,1
4723,0,0.0037217086038663534,0
3303,0,0.033358223556851835,0
8857,0,0.32143367525972616,1
5363,0,0.0018201251605964811,0
5794,0,0.031011094127217014,0
9493,0,0.0647237424833081,0
7435,0,0.004574474018885489,0
7746,0,0.5233280811172939,1
11151,0,0.07369154941805045,0
11426,0,0.2743488824973321,1
5104,0,0.004519404582047077,0
3488,1,0.9667026254864639,1
9569,0,0.002089405485179645,0
10480,1,0.05200471897404131,0
11448,0,0.020586234666518495,0
1380,0,0.005069923515513525,0
9144,0,0.086048163287453,0
2205,0,0.006269568717866488,0
7677,0,0.018519100373763753,0
4417,0,0.035400095910158295,0
1799,0,0.002806422012247242,0
10456,0,0.07731483490300212,0
387,0,0.008411772494682274,0
7480,0,0.5275642056439179,1
5271,0,0.000980993851079832,0
10005,0,0.024587516659591087,0
2660,0,0.01599989979896293,0
10328,1,0.034953674111618094,0
7698,0,0.1538311982414316,0
8378,0,0.20756032689916468,0
1405,0,0.05565622020970766,0
8229,0,0.09584514590942741,0
8769,0,0.07201755755584342,0
7146,0,0.07950500691158277,0
3228,0,0.1255436918623899,0
8767,0,0.0039828608345327775,0
128,0,0.016945059797658295,0
1757,0,0.0018879421465651733,0
6751,1,0.8950974950790465,1
3522,0,0.000637158214157984,0
8296,1,0.6634193186374563,1
3067,0,0.03665834481629116,0
6034,0,0.14651678718098765,0
11637,0,0.003885879503571729,0
11334,0,0.6500596574603101,1
7003,0,0.1484385360022663,0
6203,1,0.8841293290463801,1
5832,0,0.02967904372025755,0
4129,0,0.024586552908319365,0
3145,0,0.010844604675865295,0
3138,0,0.0018120955504211799,0
3725,0,0.06046834919084312,0
3853,0,0.20414851158807648,0
10091,0,0.04759498663531073,0
7885,0,0.004084500652618261,0
5399,1,0.10207169840651188,0
2003,0,0.007724830872958138,0
9839,0,0.13653053873430862,0
11894,0,0.008954757234259423,0
4133,0,0.019722212234230926,0
2581,0,0.07086144909571457,0
9660,0,0.11552465753437345,0
4798,0,0.006299940721008491,0
10556,0,0.1481624893367978,0
12199,0,0.047801625498889895,0
2518,0,0.0007736482126452411,0
10712,1,0.8162513209662424,1
6455,0,0.08970467815724097,0
1068,0,0.013144524674689871,0
1169,0,0.0007906084577506237,0
11424,0,0.6456946408901304,1
5168,0,0.009877511364593953,0
6437,0,0.1332408287570017,0
10301,0,0.48772121505986993,1
5254,0,0.0002205746111111517,0
10032,0,0.30066977685991203,1
8298,0,0.029117963479102928,0
6194,0,0.284100507453695,1
2727,0,0.0023785519863439445,0
7995,0,0.1352673751596101,0
9469,0,0.01950576646272902,0
9609,0,0.004521520034635565,0
1152,0,0.02905743607577834,0
1909,0,0.007520812085123121,0
11196,0,0.04076062130948098,0
6742,0,0.3697216877569044,1
2441,0,0.160814125066046,0
4659,1,0.951515470847794,1
1860,1,0.895732164152645,1
3792,0,0.003145342366403543,0
11910,0,0.6357057635598566,1
926,0,0.00233570672700777,0
823,0,0.0011247937703572966,0
4339,1,0.9828711125932318,1
8536,0,0.0059284023886175125,0
11614,0,0.0685152807861556,0
8569,0,0.17624361624033455,0
10947,0,0.0352858212364706,0
5982,1,0.06415058035700219,0
973,0,0.002407223533324997,0
2200,0,0.06835320572384873,0
10308,0,0.20800182692738223,0
9884,0,0.0440024026469587,0
12298,0,0.04923089178457643,0
4141,0,0.019371441510058325,0
1,0,0.0034560282211288694,0
9036,0,0.04300243871201468,0
4878,1,0.6832694857799794,1
774,0,0.0006306019678122032,0
9381,0,0.03786059139571873,0
6761,0,0.038535936992769824,0
900,0,0.0037423423544130827,0
8086,0,0.005900297546320501,0
10786,0,0.008182562420045275,0
8084,1,0.9667908239023489,1
261,0,0.0006351706611162647,0
7009,0,0.06756852562173464,0
6696,0,0.03710907850546519,0
5190,1,0.7260519491764778,1
8435,0,0.2863090527773958,1
8898,0,0.003768850564570109,0
557,0,0.01297490826954195,0
10335,0,0.056102462743885244,0
216,0,0.015033957202067901,0
4680,0,0.02324141189113702,0
8659,0,0.25542080480789936,0
3113,0,0.016326400175328763,0
6702,0,0.003986013446390188,0
1317,0,0.0008492418784487627,0
11831,0,0.006158603257975214,0
1004,0,0.002104628090831266,0
6818,0,0.020732118257394322,0
3691,0,0.014765844946661298,0
3211,0,0.05899906102236498,0
917,0,0.009029458273263572,0
8611,0,0.090031735496028,0
9178,0,0.06767108339900796,0
2996,0,0.12936327194905542,0
6943,0,0.01589611445443284,0
3333,0,0.015807165342372455,0
10262,1,0.8715714500334913,1
4676,0,0.006325506316520727,0
9708,0,0.1391259123520466,0
10179,0,0.14880662879961043,0
5440,0,0.2853252583768893,1
9723,0,0.3464630353514356,1
6872,1,0.07445052809814699,0
9090,0,0.09149975421412847,0
1843,0,0.00094217579433978,0
7217,0,0.021121405477854335,0
10190,0,0.05422055093595183,0
2737,0,0.015320637275979557,0
6208,1,0.5429603770244699,1
2086,1,0.8503043440811731,1
5143,0,0.008807424268190063,0
6193,1,0.3904869212656983,1
6115,0,0.0026344498532301936,0
9592,0,0.39635848891281755,1
2436,0,0.007891915100608814,0
1284,0,0.011665572757150699,0
4305,0,0.003350362001863234,0
11142,0,0.005005592462147747,0
10182,1,0.043170818608401496,0
3539,0,0.0013067766632304599,0
1782,0,0.08038184054005179,0
11881,0,0.06634390763907172,0
7420,0,0.010258988403849256,0
3370,0,0.38628457947427347,1
5857,0,0.17083300155463638,0
9711,0,0.001449649816398658,0
6856,0,0.001692626913778473,0
11451,1,0.44013709124235406,1
8521,0,0.5147727605961276,1
9575,0,0.0979276417737674,0
1078,0,0.0060876043010230285,0
11532,1,0.6275489577294703,1
10643,0,0.3105081814293656,1
8570,1,0.1365672378054632,0
4704,0,0.013290904782861863,0
9847,0,0.061459488365947446,0
5132,0,0.04361779492688563,0
8811,1,0.5411181135982231,1
1976,0,0.004167852680472185,0
675,0,0.6676587724741235,1
3761,0,0.0005090676113159617,0
10971,0,0.010653794761703738,0
2106,0,0.001095777545487539,0
9199,0,0.05122891206730056,0
9062,0,0.012759872832808184,0
1125,0,0.015069247635993818,0
8472,0,0.21565052291380338,0
3896,1,0.09643634402312941,0
11495,0,0.17869513007966667,0
12161,1,0.24570718208744477,0
6370,0,0.09085363194863079,0
2392,1,0.9139533494570736,1
8878,1,0.28294646661558986,1
11594,0,0.2542994561191133,0
6170,0,0.06410496372358948,0
5897,0,0.14126871168829652,0
12028,0,0.22882168768735664,0
7622,0,0.13153683979806666,0
3293,1,0.43962379029267434,1
5233,1,0.9107856289415603,1
2332,0,0.015880635490949264,0
3710,0,0.0063254635485537666,0
247,0,0.0015733748106114525,0
3828,0,0.002750843751553316,0
6479,0,0.5097274965421221,1
285,0,0.005851120941073674,0
7536,0,0.0039024273802819994,0
5525,0,0.06149455734548765,0
860,0,0.012716547986354533,0
4126,0,0.004938307680117963,0
4729,0,0.002003889097184498,0
12271,0,0.2867789332649442,1
10723,0,0.02062106606378778,0
5136,0,0.0038794058064425185,0
11992,0,0.2652763933165977,1
8687,0,0.30160348306032947,1
3991,0,0.014703115770784968,0
11158,0,0.04610905589663402,0
11065,1,0.8442620277788967,1
7147,0,0.44060891923732537,1
10789,1,0.03519453517077159,0
7902,0,0.48568583664439186,1
4650,0,0.004055679527935748,0
6340,0,0.03462309781367876,0
8348,1,0.18974426799335653,0
3434,0,0.0037514394600235957,0
5668,0,0.19496491162871274,0
8866,0,0.034165371146589324,0
11599,0,0.10350815649768164,0
968,0,0.03300970278800726,0
602,0,0.012835781626792853,0
8657,0,0.03246337015856967,0
4797,0,0.008772532789028053,0
3973,0,0.004526680770272468,0
5692,0,0.024867279185005843,0
6826,0,0.017607087242380446,0
4073,0,0.0003995172848524276,0
8542,0,0.026370293322833742,0
11611,1,0.3177806100963696,1
2753,0,0.0005691937987690157,0
9299,0,0.12549383876257614,0
9142,0,0.20007387247976074,0
7886,0,0.00119155654966536,0
4640,0,0.004653908902289697,0
4673,0,0.0007222468897362758,0
10329,0,0.3388847192334828,1
10488,1,0.7322632824721705,1
9,0,0.0058000541719863945,0
11660,0,0.4152761352110698,1
11218,1,0.3205747711624803,1
11063,0,0.0027769011118433445,0
2688,0,0.001622308733136902,0
4707,0,0.6344668733682182,1
8685,0,0.058873185853362035,0
9859,0,0.27981952655831677,1
6267,0,0.021854024342627804,0
8438,0,0.6655512195992144,1
4337,0,0.004504028248459744,0
1098,0,0.0012401940101543268,0
10278,0,0.0468343384977781,0
6570,0,0.009454474734643628,0
3656,0,0.001105589295761402,0
3943,0,0.004671997497020969,0
10840,0,0.028966105157839525,0
8289,1,0.8074137537721666,1
5931,0,0.07732686290771588,0
10238,1,0.279499586008143,1
4953,1,0.47179003298974,1
7679,1,0.25460479256224294,0
893,0,0.0037753937643378414,0
11515,1,0.2131807390889194,0
10195,1,0.584660780914277,1
11331,0,0.03158912458024202,0
9256,0,0.07053346808157071,0
1464,0,0.04075849499108825,0
6441,1,0.9847126697438907,1
6531,0,0.2958275983859507,1
2809,0,0.003782856279980884,0
9835,0,0.048318560853863775,0
618,0,0.04623879262019505,0
11800,1,0.23139096577506035,0
9546,0,0.0024470116995972432,0
3703,0,0.13875971107494497,0
5654,0,0.04689446626411608,0
9425,1,0.9852772985015751,1
8357,1,0.7972894794871369,1
10384,0,0.094710525557906,0
5547,0,0.028551409511748616,0
3669,0,0.006514227800313621,0
4208,0,0.002917198200477726,0
7417,0,0.29733668217218656,1
1476,0,0.005582329392537012,0
5559,0,0.007333616192325672,0
11896,0,0.23398905225599675,0
1807,0,0.06469325319030003,0
11306,0,0.06983539523118977,0
556,0,0.03291327418192899,0
902,0,0.010146108250960085,0
788,0,0.053844629811816085,0
11009,0,0.006634448377892523,0
11985,0,0.014152859026293513,0
6698,0,0.14630132973628418,0
8083,0,0.03362723233499852,0
4630,0,0.12547629794277426,0
1151,0,0.005746442633436123,0
6074,0,0.03824329348474508,0
10903,0,0.001650694883370616,0
12030,0,0.015679102961404366,0
10317,0,0.2175238328841632,0
7133,0,0.18573378670307708,0
3915,0,0.016856274695165954,0
3492,0,0.01656909543685454,0
11485,0,0.07084308172804256,0
11513,1,0.49556338274460904,1
3045,0,0.02383902466977514,0
2211,0,0.007226776262611011,0
3010,0,0.0037705191271300786,0
8945,0,0.02474147219469891,0
8844,0,0.05785855719107712,0
1266,0,0.002884373556033084,0
4154,0,0.018954676045086077,0
6676,0,0.07676184837872806,0
5001,0,0.006946144862020483,0
3655,0,0.014271492293163416,0
7540,0,0.019437338905168466,0
7176,0,0.10165089563796331,0
6803,0,0.05888564747448939,0
1055,0,0.0018933592210900875,0
2090,0,0.030396685629196972,0
10674,0,0.07823330525691811,0
1061,0,0.004153064640155169,0
5553,0,0.04063478869964139,0
4892,0,0.020206969405491337,0
10356,0,0.013925235474445062,0
6529,0,0.12632861920373775,0
8646,0,0.012309974645471412,0
13,0,0.004352434703612603,0
3439,0,0.037765433489524824,0
10497,0,0.020359606553619052,0
9727,1,0.5436536354039744,1
11377,1,0.9134861105335088,1
7072,0,0.02372937045878879,0
8784,1,0.37355515150181834,1
892,0,0.008379088258162765,0
11676,0,0.05577971345146395,0
3090,0,0.00018058740890908607,0
4739,0,0.009205711385532757,0
10819,0,0.07808487322151243,0
11405,0,0.07705882596660063,0
3500,0,0.015044825532921968,0
150,0,0.004704394746842423,0
7963,1,0.8756499069508213,1
9803,1,0.5212471803737543,1
2954,0,0.006402986537866778,0
4151,0,0.004851270950727398,0
1847,0,0.0067809406954138784,0
12278,0,0.7846744785739304,1
8337,1,0.681244538481028,1
10752,0,0.20863382862725788,0
10442,1,0.778940434307104,1
6001,0,0.07084377459192806,0
1090,0,0.006166889566961192,0
5895,0,0.4963669824675806,1
5738,0,0.056861771410969535,0
11044,0,0.5075507715916561,1
11311,1,0.5273960109546457,1
9599,0,0.24459726245625732,0
4367,0,0.008503992637938194,0
6476,1,0.28628916801864895,1
12274,0,0.008395288547778424,0
11072,0,0.10827697954880891,0
7984,0,0.05674264238827634,0
11416,0,0.08737189107185621,0
4104,0,0.03024272920256545,0
12164,0,0.0011007000936421654,0
2494,0,0.0070379803974230885,0
764,0,0.0014924115367023387,0
243,0,0.014617107183967056,0
5060,0,0.01324590518881263,0
11531,1,0.0705779088740042,0
3405,0,0.06743734934206784,0
3249,0,0.011946322268362435,0
8654,0,0.007962247466019683,0
935,0,0.01026588399607278,0
445,0,0.039806333383911416,0
7956,0,0.7473601450746763,1
6066,0,0.39576889370543905,1
12017,0,0.09997585381644744,0
6811,0,0.04136990969061571,0
10727,0,0.014480617073037662,0
7273,0,0.05261930368145271,0
2984,0,0.010793752496507462,0
9729,0,0.004248695862305862,0
7918,0,0.10219632170660524,0
12062,0,0.04732059109023663,0
2345,0,0.0028327895066624672,0
7077,0,0.009029835055412527,0
9752,0,0.008179349262285442,0
3979,0,0.006996906323057994,0
5455,0,0.02770820706494726,0
1933,0,0.0005750104503988997,0
7091,0,0.11544991713379317,0
11112,1,0.05655154840662038,0
510,1,0.5974360267119317,1
8247,0,0.0020201453377069033,0
10675,0,0.0033438038426729937,0
1130,0,0.008072357785020148,0
5301,0,0.011934059881699974,0
11296,0,0.01368612168775688,0
8574,0,0.31228254507037295,1
4784,0,0.04835845939478508,0
11621,0,0.0032487473163723643,0
4271,1,0.80116022012903,1
11713,0,0.1808377902836873,0
11236,0,0.05820633211281391,0
8269,0,0.5489345739632497,1
3820,0,0.014969760217256264,0
12055,0,0.017096112648795885,0
6774,0,0.004642564834877086,0
684,0,0.004691302140102924,0
12186,0,0.051717712873661184,0
1488,0,0.00956274044899132,0
5452,0,0.009338727211699588,0
5064,0,0.011047275458355682,0
9986,0,0.16667405519258538,0
5268,0,0.0017759931915186425,0
12296,0,0.01835385595106823,0
6332,1,0.1732241323410956,0
9003,0,0.3279527008521027,1
11121,0,0.0022697154935606514,0
10446,0,0.12878611446707774,0
12272,1,0.8091142267543255,1
7141,0,0.002981886557372969,0
7130,0,0.06149796860219864,0
7784,0,0.08387131291036896,0
6279,0,0.02180537039764648,0
11163,0,0.02492990344963223,0
9314,0,0.09855387163348317,0
8936,0,0.03351189564525454,0
8336,0,0.030290075340813353,0
9133,1,0.015770130442869155,0
4452,0,0.005413599063946031,0
9269,0,0.042562113746753026,0
4524,0,0.0009464249672513783,0
6704,0,0.052113105528675895,0
10107,0,0.11851781189580139,0
9635,0,0.26822504834202143,1
3811,0,0.34896690827318944,1
3435,1,0.918323227938916,1
9948,0,0.002415680051033024,0
1718,0,0.00399622962671474,0
7768,0,0.288896862062341,1
5198,0,0.00033368173686895036,0
7792,0,0.0874986545165959,0
2308,0,0.0033149898917380544,0
9119,0,0.009526071101429215,0
1604,0,0.010388213713930828,0
7548,0,0.006649568910709195,0
54,0,0.0017363735012499856,0
7818,0,0.05561549856711971,0
3528,0,0.7048180653302629,1
5935,0,0.026008632842134987,0
7799,0,0.1497822045355189,0
4812,0,0.005290542815547014,0
8552,1,0.38858258231954945,1
7457,0,0.06367997108367356,0
9284,0,0.2536732418797453,0
8762,1,0.9138464906296221,1
1307,0,0.003830728213059033,0
9110,0,0.044560910101349285,0
6232,0,0.006107218611724766,0
9310,0,0.07908326275391864,0
7165,0,0.618012673887049,1
11436,0,0.15807761975051596,0
10859,0,0.014816492158322475,0
7302,0,0.037229783857936946,0
5407,0,0.0012911121296701686,0
4419,0,0.21391244689480213,0
1598,0,0.020140658303160308,0
4644,0,0.005903698287308963,0
5380,0,0.008878903434075882,0
2754,0,0.005043705452515074,0
5068,1,0.5024522111814929,1
3746,0,0.0016702345045166817,0
10908,1,0.47402492004579394,1
7073,0,0.27076233749526785,1
11600,0,0.24161963181435986,0
6318,1,0.7565926163916858,1
8651,0,0.002287185869240809,0
3231,0,0.0010949256475860675,0
11228,0,0.27207466155767007,1
9282,0,0.02910936045146802,0
2455,0,0.015982351512096184,0
10736,0,0.0732186595663595,0
7249,0,0.06844885899754102,0
9408,0,0.02096229244355275,0
5322,0,0.022021219077009952,0
6461,1,0.8765300009706185,1
2942,1,0.7677431199900134,1
5475,1,0.15330993125922374,0
11623,1,0.5180873038207832,1
8658,0,0.06886069367006563,0
5673,0,0.11543474253776177,0
397,0,0.06427270486797297,0
9044,0,0.7029928574235873,1
4,0,0.0027391368403067795,0
10999,0,0.3276947151442249,1
4845,0,0.25656183878639627,0
9070,1,0.20522172501064082,0
7182,0,0.15073303016248624,0
11095,0,0.06090745679668114,0
4485,1,0.2627297768797374,1
2163,0,0.001856008755653155,0
3875,0,0.007865125532932959,0
4954,0,0.00030397465608646113,0
8014,0,0.05976783143912709,0
10787,1,0.3666463498567577,1
7749,0,0.04393489463310332,0
8034,0,0.021681217925732237,0
10883,1,0.7834015128373751,1
6831,0,0.5506436322828696,1
2615,0,0.000647203703238046,0
10394,0,0.1283676381996062,0
5428,0,0.05100190597865025,0
7388,0,0.29582679993114647,1
9213,1,0.6461379317059828,1
3954,0,0.0009140575602416911,0
8900,1,0.5828231928806477,1
73,0,0.01450511139657308,0
4476,0,0.0063943123516078445,0
11383,0,0.08848465048669255,0
6846,0,0.5550937377979634,1
10659,1,0.07534873976152773,0
1517,0,0.04837391859947381,0
717,0,0.02534635819747111,0
831,0,0.0005168641904167369,0
4195,0,0.018139553265321934,0
6752,0,0.13388678577256655,0
1513,0,0.03939819107458422,0
9688,0,0.7846562926777685,1
3759,0,0.09137819873742237,0
10040,1,0.1105674229207188,0
11698,0,0.0011044650579716245,0
3936,0,0.051653197152264296,0
6498,0,0.02977191532478563,0
11863,1,0.35229144328669104,1
2684,0,0.12138700597508767,0
384,0,0.24585078264670002,0
3149,1,0.5789779864605719,1
1278,0,0.021162747091180534,0
5030,0,0.47525623647735227,1
1145,0,0.016037716295967466,0
8109,1,0.07785446307225335,0
3502,0,0.0011338146039182643,0
5753,0,0.018234896947164323,0
5840,0,0.232585651362157,0
11978,0,0.048011008643705694,0
10054,0,0.015041389322898514,0
3723,0,0.00975572367968287,0
8935,1,0.2703297641131326,1
8285,0,0.033023313643827934,0
2304,1,0.968478007830172,1
8946,1,0.2958513195235405,1
3151,0,0.0027307076303905156,0
419,0,0.0026222982157786995,0
9188,0,0.03175546520709452,0
3282,0,0.002513942389785825,0
11641,0,0.08551625246129142,0
9836,0,0.011573819908451482,0
11989,0,0.002098708950208576,0
4272,0,0.029866033318004023,0
4637,0,0.02317952923188391,0
6481,0,0.017318249923785015,0
2721,1,0.8086426545195461,1
1798,0,0.03165013442832839,0
5694,0,0.0032181574731996393,0
143,0,0.0011958808985447775,0
10023,1,0.044970118816256205,0
3390,0,0.016520956323896156,0
3744,0,0.050853659076174,0
8605,0,0.025816054739233974,0
10133,1,0.5648132907005452,1
60,0,0.00411818234323192,0
91,0,0.002832586684487039,0
8198,0,0.024369838143854353,0
410,0,0.015048915663627685,0
7369,0,0.08229670149752794,0
3713,0,0.05468952649789965,0
8718,1,0.5821288196311549,1
5447,0,0.022495332407349466,0
10191,1,0.9391333080500636,1
1515,0,0.001445511468986353,0
9444,0,0.03187071326915715,0
754,0,0.026739310941080327,0
348,0,0.019903103679834513,0
3034,0,0.010800404510230635,0
3371,0,0.020683327925530716,0
5160,0,0.0024229629522323015,0
6838,0,0.15632450553874253,0
7438,1,0.14890264128970762,0
12318,0,0.012043771756192942,0
6767,1,0.03252215685888449,0
1436,0,0.0009151410002300184,0
7590,0,0.30763686041749655,1
12212,0,0.028150830370465302,0
11626,1,0.835632528531445,1
11738,0,0.34118270823117025,1
3237,0,0.011664790122087538,0
194,0,0.0177505771659108,0
6850,0,0.07888587839031641,0
6953,1,0.8469881297383504,1
432,0,0.011946149108824503,0
7310,1,0.9566823102719295,1
5352,0,0.029634801529865834,0
1099,0,0.007556790632500616,0
6300,0,0.06102530532596875,0
4614,0,0.009133916136102828,0
3182,0,0.0003396109681032295,0
7315,0,0.4336041791470922,1
9751,0,0.09631755287826174,0
6492,0,0.02445789225253572,0
6821,0,0.7802292779213302,1
7119,0,0.05609751005660804,0
11376,0,0.02945886015673515,0
4366,0,0.00655611827275247,0
5205,1,0.36698649474153966,1
5318,1,0.12064696335510938,0
12327,0,0.007876169818829189,0
2571,0,0.008908110178604354,0
11073,0,0.017669508105207964,0
6772,0,0.11426773581153372,0
1070,0,0.0024823013327895382,0
120,0,0.0049657766481398195,0
9026,0,0.07387783868908712,0
9913,1,0.6154399261922043,1
10816,0,0.4403517596676887,1
3107,0,0.003372703713468232,0
8170,0,0.032361431971812724,0
9185,0,0.0061323369711386785,0
5630,0,0.07711739932270394,0
11010,0,0.04391390193984839,0
11767,0,0.03274686565801249,0
2007,0,0.005511887237664372,0
2240,0,0.0017928754841212587,0
7966,0,0.08612651867157978,0
6133,1,0.14596092422451679,0
487,0,0.007628519653601469,0
10473,0,0.003597648954140326,0
10475,0,0.07955586625740914,0
4932,1,0.7643087315369035,1
9338,1,0.055247212047582796,0
12113,0,0.6860421607336823,1
5967,0,0.00841705995232392,0
5814,0,0.050727487417992115,0
10616,0,0.23724236017660635,0
5292,0,0.00027357940525826074,0
3863,0,0.13713403455675555,0
205,0,0.016906450180977434,0
741,0,0.017105078059704588,0
6756,0,0.06519012849894545,0
7732,0,0.02597208454305624,0
7152,0,0.0772551671604473,0
8358,0,0.11299351194526233,0
775,0,0.006112291707819582,0
6401,0,0.05381084805862778,0
7231,0,0.007721096167277336,0
12314,0,0.003056396779986134,0
8755,0,0.04110873887380337,0
5059,0,0.03543090105444951,0
7760,0,0.021594784450537,0
11205,0,0.003173205818803076,0
4930,0,0.01554706838974466,0
1135,0,0.004253519406842535,0
9568,0,0.0010111995509018204,0
9027,0,0.22764490063026435,0
11818,0,0.07911028096738884,0
6843,0,0.09359429143736951,0
3635,0,0.014427496832218606,0
295,1,0.8711315270589736,1
108,0,0.0004881948653264428,0
9396,0,0.008054740154905206,0
6793,1,0.4729129132366312,1
1822,0,0.19009788856251061,0
9465,0,0.34680960076320816,1
3467,0,0.015717093334230155,0
5727,0,0.11606007929050195,0
12142,0,0.07012641963843116,0
6175,0,0.0260351672985338,0
4165,0,0.00985383933452022,0
3004,0,0.0007829110653171237,0
8263,0,0.028896052833661055,0
12036,1,0.5518689018369023,1
2749,0,0.019951881586571327,0
3963,0,0.026068905744419498,0
11139,0,0.002788573504218956,0
8738,1,0.13256155924629046,0
3790,0,0.016466551439120267,0
8868,0,0.0018781522443002856,0
8869,0,0.2977906334977214,1
11192,0,0.38653221044720326,1
11563,0,0.08121030344635219,0
2801,1,0.9221078573533503,1
12253,0,0.015115563117071754,0
9286,1,0.9421597544844554,1
12072,0,0.046888849128350056,0
8889,0,0.0418699567658486,0
1899,0,0.001851355513758853,0
11254,0,0.057955661523173455,0
1155,0,0.000582308380299683,0
4049,1,0.5829818912008418,1
6242,1,0.7403541561650666,1
5875,0,0.11422339212946421,0
6468,0,0.0468963940923748,0
5118,0,0.0015826768976909351,0
7544,0,0.048481584396313,0
6869,0,0.47039365474854133,1
9562,0,0.026162571657147242,0
6271,1,0.3329197033494531,1
8603,0,0.009479188876533704,0
7234,0,0.03213125418501688,0
4173,0,0.2812128517072605,1
9960,0,0.021163988878403477,0
5,0,0.004942691573422336,0
6561,1,0.04636855977266507,0
1148,0,0.009154946113877224,0
8332,1,0.3762575653257631,1
4543,0,0.034773490546908245,0
1792,0,0.0034626209396652983,0
9093,0,0.025584043120771307,0
8184,0,0.004315432277676377,0
4045,0,0.008119689966964981,0
11804,0,0.4245074215160104,1
6305,0,0.5127886523857385,1
8565,0,0.018449694752608062,0
7005,0,0.005922279542268222,0
3833,0,0.006191093186408751,0
7358,1,0.12642911200127024,0
8891,0,0.06919137144965712,0
7373,0,0.5358725636804942,1
10273,0,0.07414183476385071,0
3914,0,0.03128679634601907,0
4852,0,0.011748760899894883,0
12275,0,0.04868266879383844,0
12234,1,0.9728708945345943,1
2440,0,0.7932224289273386,1
6500,0,0.10137408810522042,0
9034,1,0.23243060701816823,0
2367,0,0.028383360983733223,0
6148,0,0.03338601554398807,0
5593,1,0.058777938473445736,0
8567,0,0.027313436613738737,0
3082,0,0.008032965509166578,0
1568,0,0.0021794171073748593,0
4217,0,0.008096626738263616,0
4495,0,0.015620693049558217,0
2618,0,0.7187412846122243,1
9886,0,0.1705054901179778,0
8287,0,0.0902340235161133,0
1695,0,0.004310588700726929,0
923,0,0.04441415324539137,0
5786,1,0.6101474551228228,1
64,0,0.000795349267764813,0
7940,0,0.05195804870006411,0
7111,0,0.054570632371871826,0
3805,0,0.017047468873055843,0
3587,0,0.01909163446991747,0
129,0,0.0016909597700846145,0
2466,1,0.9796957100114263,1
891,0,0.026796900826408822,0
10295,0,0.044293098974974764,0
7971,0,0.0922572305271912,0
9846,0,0.02376118876093801,0
7280,0,0.10578460848151103,0
10575,0,0.007290921112505181,0
10770,0,0.07106222365855619,0
4701,0,0.011806613651712976,0
11133,1,0.6885972112038831,1
2634,0,0.034002764096428106,0
8212,0,0.09273228566041276,0
11961,1,0.5127365037311692,1
6385,0,0.0724441752716131,0
7074,0,0.04677949945368471,0
1393,0,0.053069078932107785,0
4881,0,0.0025817496527421276,0
9369,0,0.0034838586533739242,0
4179,0,0.03204444658597834,0
1252,0,0.7839893498690607,1
11902,0,0.03019993161866434,0
576,0,0.007037303200379628,0
10476,0,0.0025722231133364915,0
5800,0,0.06984576189823605,0
235,0,0.10565948721352983,0
5571,1,0.5444822838406701,1
5551,0,0.01716238214838361,0
12029,0,0.01991130595865461,0
8434,0,0.026331249216423682,0
10790,0,0.046499784083334154,0
7920,0,0.03556843298115844,0
9166,1,0.3794743335639612,1
10468,0,0.008686177362003323,0
4849,0,0.0025816780820365156,0
4161,0,0.002370096782544888,0
11519,0,0.6140926709425488,1
9514,0,0.004589719529708093,0
10245,0,0.23401714274426125,0
3426,0,0.03155619390952426,0
10766,0,0.16159393478765866,0
5868,0,0.019519021359311214,0
5728,0,0.09065180349428166,0
9248,0,0.6276264788527901,1
2388,0,0.03267736846952182,0
5945,0,0.015059164619950407,0
7793,0,0.9038446065816115,1
535,0,0.02073283906445497,0
5094,0,0.15686245713491187,0
4157,0,0.1148137439496194,0
4662,0,0.0027915224144629907,0
6844,0,0.08976179641740827,0
2262,0,0.13126291220619854,0
872,0,0.0009151410002300184,0
1322,0,0.02615841124662172,0
3667,0,0.03160899662634609,0
8157,0,0.20512421146016846,0
6123,0,0.024925594394113727,0
12316,0,0.014075454845057315,0
7246,0,0.6614016227861899,1
1149,0,0.031083722881000433,0
1165,0,0.009702445877674045,0
5457,1,0.9584856570348214,1
274,0,0.009230378700398256,0
8244,0,0.09237779042214178,0
2132,0,0.3133354151689351,1
3839,0,0.0026686677459946853,0
7713,1,0.8942857872648328,1
8838,1,0.9073010634076477,1
12100,0,0.20173515008726337,0
2342,0,0.02076797398339747,0
6138,0,0.12723840078026624,0
2892,0,0.012746685803784795,0
513,0,0.3027205762514711,1
6542,0,0.05497429793900808,0
8041,0,0.05409090228969172,0
611,0,0.3561355043560752,1
12079,0,0.04797278363833541,0
519,0,0.02428325138121009,0
4969,0,0.0029581132515707556,0
1451,0,0.0035174072123792966,0
5839,0,0.022175495417316983,0
8859,0,0.04903913448910799,0
8923,0,0.0030230988911850542,0
1743,0,0.10971554756024701,0
591,0,0.0010533139024057878,0
4978,0,0.0008481007412706774,0
10441,0,0.012782466448688766,0
6219,0,0.04389386643170059,0
3042,0,0.004694264270632487,0
10395,0,0.13374582990422532,0
533,0,0.008590576524817916,0
11263,0,0.7098627836368427,1
3328,0,0.033735911658085475,0
3119,0,0.5524798824350893,1
7864,1,0.6368091561555906,1
4237,0,0.006610230325119209,0
10296,1,0.7013530475510485,1
1736,0,0.036448257270568385,0
7692,0,0.053921034566653085,0
8546,0,0.23768736183490372,0
7200,0,0.04495694101245574,0
4134,1,0.613618580608024,1
8065,0,0.015004661836930458,0
7485,0,0.08576132820234941,0
5685,0,0.03007831972299811,0
1591,1,0.13156350603553185,0
9585,0,0.0667608845046204,0
3298,0,0.00935076799401416,0
742,0,0.006196455582031796,0
4917,0,0.006402818405002996,0
1619,0,0.038378973683982534,0
11639,1,0.341993416821944,1
4931,0,0.005520259866330545,0
10095,0,0.02113380202128539,0
1031,0,0.003179291224497397,0
1575,0,0.03255054163220823,0
12086,1,0.01744888555308426,0
9171,0,0.0679366229438475,0
8384,0,0.007745130449566179,0
2270,0,0.008217759019222616,0
11517,1,0.3280005574823679,1
2746,1,0.17724426585039216,0
9129,0,0.0011908451573360236,0
7523,0,0.3313671574291256,1
11347,0,0.5495618861600251,1
10679,1,0.8358740616573155,1
5750,0,0.17169840998557895,0
11191,0,0.009871204894621484,0
10984,0,0.43258527812239045,1
447,0,0.09355556365128175,0
9253,1,0.7519000566127564,1
9155,0,0.007858232070621779,0
4712,0,0.03831163081146857,0
10339,1,0.462728214831321,1
7321,1,0.16137954867751153,0
932,0,0.05445804985495882,0
11632,0,0.0907576888683125,0
9867,0,0.11917321801468178,0
4651,0,0.6738650699345197,1
6122,0,0.08652195322679446,0
3975,0,0.009046372418673869,0
6989,0,0.07016327843528769,0
5818,0,0.05387156914456519,0
11379,1,0.9387385177431818,1
10289,0,0.021028019100159626,0
1146,0,0.1143066527925471,0
6967,0,0.15837639934461162,0
10849,0,0.024048735066409862,0
10976,0,0.05685961603101511,0
1670,0,0.0038719710448652978,0
6337,1,0.21224415511618083,0
3750,0,0.019525614732952036,0
8074,0,0.0013438762395370136,0
3186,0,0.03195171699464605,0
9513,0,0.01040229016793663,0
4621,0,0.8052538789490193,1
1669,0,0.01926027130081533,0
10529,0,0.039431396073774286,0
2305,0,0.02775964528261954,0
6353,0,0.09657165671761717,0
8171,0,0.01478560626512722,0
2301,1,0.040741122852875775,0
3986,0,0.005025120860747143,0
9172,0,0.0918589129160703,0
8534,0,0.012903335004550055,0
9778,0,0.023065905179401533,0
12148,0,0.5975567440500827,1
9936,0,0.00740965709796057,0
832,0,0.0014920537109222544,0
6617,1,0.9578094884786762,1
11855,0,0.22884341246508924,0
6307,1,0.951510164663897,1
2825,0,0.02786790902183484,0
10260,0,0.010530285782797251,0
3157,0,0.0012742878283111567,0
6515,0,0.018471236519344004,0
11356,0,0.7625950123261764,1
2272,0,0.0006383758578422026,0
10942,0,0.044582037357688,0
7342,0,0.02406608184744738,0
1677,0,0.03128465326726556,0
6534,0,0.4656099670102854,1
2519,0,0.006180174552150544,0
10801,0,0.37186177293685424,1
7440,0,0.41844846529487134,1
9760,0,0.08672196574765344,0
12093,0,0.4697982366219741,1
5347,0,0.004211253848126828,0
4008,0,0.004095357794374033,0
3028,0,0.02621199054403506,0
7371,0,0.07013994766219164,0
5968,0,0.01524773732072256,0
739,0,0.04835939004979892,0
4334,0,0.0009323123772739237,0
12224,0,0.14174455712054362,0
9375,0,0.025237126245178654,0
8576,0,0.11917728074204921,0
5716,0,0.1360742178242111,0
2432,0,0.001201051189329261,0
21,0,0.00047473501326200873,0
5003,0,0.00949238104692109,0
10189,0,0.03644583165039083,0
5406,0,0.00714986932581233,0
11365,0,0.045344384240168595,0
4327,0,0.006481897682397265,0
7955,0,0.16392539798298744,0
677,0,0.007544332553008557,0
6449,1,0.8670631513502246,1
1523,0,0.006590468316698494,0
6624,0,0.10463155436900044,0
1291,0,0.0005842942419118423,0
5183,0,0.04674885154719833,0
2901,1,0.4262367625716118,1
4110,0,0.00880176757486477,0
2096,0,0.01888799737536792,0
6640,0,0.1423275696559905,0
8608,1,0.6912146295862273,1
9096,0,0.04733936265267928,0
1674,0,0.007247075763314327,0
1997,1,0.940787271961503,1
8012,0,0.09595551648819775,0
2196,0,0.005617379905813677,0
5354,0,0.009128943104643324,0
3329,0,0.04023162345818838,0
1987,0,0.013315251619031779,0
3815,0,0.9591942071794747,1
3545,0,0.0006312938557606969,0
8025,0,0.0030263960899740185,0
2162,0,0.009056301445835722,0
1686,0,0.00863210377217414,0
8623,1,0.4340553980231793,1
8770,0,0.5133208708729544,1
3958,1,0.9178567787098325,1
3366,0,0.01143610829937176,0
2971,0,0.008666619089680508,0
9796,0,0.032264182227238355,0
11521,0,0.005213245018809027,0
2039,0,0.001693888132098568,0
1928,0,0.021857199984789646,0
2263,0,0.0006632144825597148,0
8696,0,0.015287130901317603,0
2682,0,0.006247443210706578,0
8910,0,0.1143047263341352,0
3110,1,0.9924918069248225,1
12131,0,0.21023581216896567,0
9538,0,0.04227934740022757,0
11389,0,0.024135177754271604,0
3989,0,0.004301627337648456,0
2333,0,0.0002695730900452539,0
9684,0,0.02833404461857388,0
9968,0,0.060812858845137575,0
4083,0,0.012390065510778482,0
8035,0,0.033159081290943436,0
8216,0,0.0575348913190735,0
10439,1,0.9518731990134867,1
9554,0,0.01800312500697695,0
11441,0,0.036754141920158266,0
9294,0,0.10142403085417,0
9720,1,0.4069402048528241,1
2782,1,0.7060548971309142,1
3288,0,0.003574990196631421,0
10199,0,0.1025972402827571,0
5643,0,0.07048904173193389,0
694,1,0.1544285018283859,0
9160,1,0.5913836696820067,1
7518,1,0.6602652307636135,1
166,0,0.0040799305371360586,0
1030,0,0.5093363994745088,1
9426,0,0.010744716708978776,0
2647,0,0.007598171752825308,0
1688,0,0.006370674872410263,0
4265,0,0.02754151074504089,0
11906,1,0.5644827567553657,1
3755,0,0.0012911121296701686,0
637,1,0.9231847575309275,1
6057,0,0.056436698560684166,0
11289,0,0.27850362132755857,1
8303,0,0.23778896884275524,0
9379,0,0.03351974266054022,0
8153,0,0.047788171190380944,0
4999,0,0.00530336608380133,0
7965,0,0.1007721628083153,0
366,0,0.006551294618754413,0
12202,1,0.06547511693792815,0
1034,0,0.0005750104503988997,0
236,0,0.05414904913546024,0
6507,0,0.0032732073464300337,0
1970,0,0.059746484768729104,0
10210,0,0.03911035103090912,0
8130,0,0.02988094546807166,0
10355,0,0.051076862488554475,0
6471,0,0.21359595605080275,0
1247,0,0.030718176444168743,0
2374,0,0.012309676797640133,0
9315,0,0.10733157862963061,0
1065,0,0.005699896635156981,0
10492,0,0.11158975550651754,0
2681,0,0.0005221156351305666,0
386,0,0.009288185539131348,0
1964,0,0.018785180207023047,0
5715,0,0.04560280009765606,0
4164,0,0.008025914109417717,0
6904,0,0.027449746273722604,0
400,1,0.6427052315945327,1
4186,0,0.002147359404021875,0
1232,0,0.007493033358017901,0
11712,0,0.7588811192924694,1
11004,0,0.06341941391271015,0
3032,0,0.006570281700948783,0
679,0,0.003150208388165025,0
11509,0,0.1341092327397988,0
8062,0,0.023456380963760723,0
3264,0,0.001918210215250752,0
9290,0,0.012987695281428504,0
4253,0,0.05206009557480378,0
11840,0,0.1678286363780801,0
7507,1,0.8709109460458949,1
2025,0,0.01051509519512825,0
6651,0,0.1054236168861061,0
7453,0,0.04287132314415582,0
833,0,0.028445777467167765,0
6926,0,0.00984377547630151,0
7678,0,0.04237241305768836,0
9812,0,0.014478558401617235,0
3868,0,0.02379296758992293,0
11740,1,0.8004598833455696,1
8914,0,0.005016313893516543,0
2215,1,0.8348249927497333,1
9795,0,0.006023160979993447,0
4613,0,0.008882847051880251,0
1047,0,0.0008198686845188974,0
2372,0,0.0038296303283211148,0
3697,0,0.010967416889467627,0
6124,0,0.1335610782067597,0
3295,0,0.0003349299534910282,0
7211,1,0.0747437220667053,0
3497,0,0.000713324745729932,0
5604,0,0.15816219295474718,0
3040,1,0.5268794751311855,1
5712,0,0.19344256863688894,0
7364,1,0.8999536760219466,1
2054,0,0.0033618314668036097,0
2698,0,0.014511430091699204,0
3296,0,0.04679385945997087,0
11669,0,0.10913782038236795,0
3079,0,0.015315520581247985,0
9095,0,0.04337897246748311,0
1795,0,0.0013658564640950223,0
9042,1,0.02697474254474496,0
7843,0,0.4428382349637796,1
6369,0,0.007377145858986049,0
434,0,0.001520563447553188,0
723,0,0.009318530084395874,0
8505,0,0.0751774343382392,0
2961,0,0.00119020966842682,0
5155,0,0.0017169815902195094,0
674,0,0.02739983749442021,0
7620,0,0.04903844902440851,0
2268,0,0.0004204598086158907,0
8459,0,0.06131407407335166,0
4923,0,0.7972203657773432,1
8154,0,0.02299807042477712,0
4837,0,0.040991994455726474,0
10981,0,0.0004357805612269829,0
5063,0,0.007225910685999442,0
9145,0,0.022306299612061924,0
1797,0,0.013959587766084332,0
6144,0,0.2001800212497362,0
6730,0,0.10781651065257442,0
3630,0,0.10964908850488599,0
7593,0,0.002473409284377943,0
133,0,0.0020151193370782283,0
3446,0,0.0023553739288848627,0
1492,0,0.10378849926317568,0
8635,1,0.9941460836106829,1
4880,0,0.020804542558152228,0
4494,0,0.0017953035688739044,0
4648,0,0.01121876703925435,0
1804,0,0.0007438045999996243,0
4278,0,0.4002311556136191,1
6244,0,0.020310713063801274,0
7573,0,0.09811145644612236,0
